location_clean,job_count
Tunis,597
Ariana,45
Ben Arous,33
Nabeul,16
Sousse,14
Sfax,12
Non précisé,11
"Pour Accompagner Son Développement, Le Groupe Indi",8
Siliana,7
Monastir,7
"Bir Mcherga,
                                     ",7
{},7
Manouba,6
Bizerte,6
"Cite El Khadra,
                                  ",4
Kairouan,3
Zaghouan,3
"Douar Hicher,
                                    ",2
"Menzel Jemil,
                                    ",2
Mahdia,2
Acteur Majeur Sur Le Marché De La Gestion De La Re,1
A Propos De Finopti:Finopti Est Une Société Spécia,1
"El Mourouj,
                                      ",1
"Ecg Assurances, Courtier En Assurances Indépendant",1
Description : Le Groupe Judy Recrute Son Aide Maga,1
"Dans Le Cadre Du Renforcement De Ses Équipes, La P",1
Dans Le Cadre Du Développement De Son Activité Com,1
Dans Le Cadre Du Renforcement De Ses Équipes Soign,1
"Laboratoire Pharmaceutique Recrute, Dans Le Cadre ",1
Infopro-Digital Est Un Groupe B2B Spécialiste De L,1
Notre Entreprise Agro-Alimentaire Recrute Un(E) Di,1
Médenine,1
"Mornaguia,
                                       ",1
"Houmet Essouk,
                                   ",1
Job Title: Goldstar Processing Support Agent - Uk ,1
"Kalaa El Kebira,
                                 ",1
La Sfbt Recrute – Technicien Supérieur En Contrôle,1
Nous Recherchons Actuellement Un Technicien En Mai,1
Société Industrielle Et Commerciale En Pleine Croi,1
Rejoignez Kromberg & Schubert À Béja En Tant Que C,1
Qadilex Recrute : Ingénieur(E) Ia / Data Junior (H,1
Qadilex Recrute : Ingénieur(E) Logiciel Full-Stack,1
Technicien Maintenance Plasturgie: 01Poste Basé Su,1
Société Offe Shore Dans Le Secteur Electronique Ch,1
Vous Êtes Passionné(E) Par Les Relations Humaines ,1
🚀 Filiale Du Groupe Sfbt Recrute : Brand Manager D,1
