id,title_clean,company,sector,location_clean,contract_clean,source_label,scrape_date,scrape_month,has_description,posted_at
1,Production Manager,ZOPPAS INDUSTRIES,Non classifié,Monastir,CDI,keejob,2026-09-21,2026-09,Oui,2026-09-21
2,TECHNICIEN(NE) QUALITÉ PROCESS,ELECTRONIC TUNISI SYSTEM,Non classifié,Tunis,CDI,keejob,2026-09-21,2026-09,Oui,2026-09-21
3,Engineering Manager,ZOPPAS INDUSTRIES,Non classifié,Monastir,CDI,keejob,2026-09-21,2026-09,Oui,2026-09-21
4,Quality Manager,ZOPPAS INDUSTRIES,Non classifié,Monastir,CDI,keejob,2026-09-21,2026-09,Oui,2026-09-21
5,Professeur(e) de mathématiques,GROUPE SCOLAIRE RENE DESCARTES,Non classifié,Tunis,CDI,keejob,2026-09-21,2026-09,Oui,2026-09-21
6,Assitante Financiére et Administraf,MERCI POUR LE CADEAU,Non classifié,Sousse,CDI,keejob,2026-09-21,2026-09,Oui,2026-09-21
7,Gestionnaire Sinistres Maritime et Transport,ASSURANCE MAGHREBIA,Non classifié,Tunis,CDI,keejob,2026-09-21,2026-09,Oui,2026-09-21
8,Ingénieur Chef d'Atelier Mécanique (Meg),SOTUCHOC,Non classifié,Tunis,CDI,keejob,2026-09-21,2026-09,Oui,2026-09-21
9,Planificateur,SOTUBI,Non classifié,Ben Arous,CDI,keejob,2026-09-21,2026-09,Oui,2026-09-21
10,Directeur Comptabilité Finance,ROSE BLANCHE GROUP,Non classifié,Sousse,CDI,keejob,2026-09-21,2026-09,Oui,2026-09-21
81,Professeur(e) d’Histoire Géographie,GROUPE SCOLAIRE RENE DESCARTES,Non classifié,Tunis,CDI,keejob,2026-09-21,2026-09,Oui,2026-09-21
11,Vendeur/ Caissier Zara Home Tunisia Mall,TUNTEX,Non classifié,"Pour Accompagner Son Développement, Le Groupe Indi",Non précisé,keejob,2026-09-21,2026-09,Oui,2026-09-21
12,Femme de ménage,ETABLISSEMENTS ABDELMOULA,Non classifié,Manouba,CDD,keejob,2026-09-21,2026-09,Oui,2026-09-21
13,Responsable Magasin,GROUPE JUDY,Non classifié,Nabeul,CDI,keejob,2026-09-21,2026-09,Oui,2026-09-21
14,Technicienne en génie civil,GYPCO,Non classifié,Ariana,SIVP,keejob,2026-09-21,2026-09,Oui,2026-09-21
15,Assistante Administrative,AYCOPASTRY,Non classifié,Tunis,CDI,keejob,2026-09-21,2026-09,Oui,2026-09-21
16,Chargé(e) de Recouvrement et Contentieux,EL AMEL MICROFINANCE,Non classifié,Ben Arous,CDI,keejob,2026-09-21,2026-09,Oui,2026-09-21
17,comptable,,Non classifié,"Douar Hicher,
                                    ",CDI,keejob,2026-09-21,2026-09,Oui,2026-09-21
23,Chargée de Logistique,ESILAB TUNISIE,Non classifié,Ariana,CDI,keejob,2026-09-21,2026-09,Oui,2026-09-21
132,assistante commerciale-créatrice de contenu,CTIG FORMATION,Non classifié,Tunis,SIVP,keejob,2026-09-21,2026-09,Oui,2026-09-21
18,Un(e) Agent Transit,TERIAK,Non classifié,"Bir Mcherga,
                                     ",CDI,keejob,2026-09-21,2026-09,Oui,2026-09-21
19,Ingénieur Étude Photovoltaïque,SATER SOLAR,Non classifié,Sfax,CDI,keejob,2026-09-21,2026-09,Oui,2026-09-21
20,Magasiniers,,Non classifié,Sfax,CDI,keejob,2026-09-21,2026-09,Oui,2026-09-21
21,responsable développement RH Groupe,STAROIL,Non classifié,Ben Arous,CDI,keejob,2026-09-21,2026-09,Oui,2026-09-21
22,Assistant Commercial,GENIUS GLOBAL BUSINESS,Non classifié,"Cite El Khadra,
                                  ",CDD,keejob,2026-09-21,2026-09,Oui,2026-09-21
303,Support Commercial Cartes,,Non classifié,Tunis,Non précisé,ReKrute,2026-09-21,2026-09,Non,2026-09-21
24,Customer Success Manager,,Non classifié,Nabeul,CDI,keejob,2026-09-21,2026-09,Oui,2026-09-21
25,Professeur(e) d’EPS,GROUPE SCOLAIRE RENE DESCARTES,Non classifié,Tunis,CDI,keejob,2026-09-21,2026-09,Oui,2026-09-21
26,Assistante Commerciale,AKATIS TRADING,Non classifié,Tunis,CDI,keejob,2026-09-21,2026-09,Oui,2026-09-21
27,Debt Recovery Advisor,FINOPTI TN,Non classifié,Ariana,CDI,keejob,2026-09-21,2026-09,Oui,2026-09-21
28,Téléconseiller(ère),QUOPROD TUNISIA,Non classifié,Bizerte,CDI,keejob,2026-09-21,2026-09,Oui,2026-09-21
38,Conseillers en assurance Mutuelle Santé,FILIASSUR TUNISIE,Non classifié,Ariana,CDI,keejob,2026-09-21,2026-09,Oui,2026-09-21
82,Enseignant(e) de Langue Française / Lettres,GROUPE SCOLAIRE RENE DESCARTES,Non classifié,Tunis,CDI,keejob,2026-09-21,2026-09,Oui,2026-09-21
29,Responsable Industrialisation et AMC,C2E TN,Non classifié,Zaghouan,CDI,keejob,2026-09-21,2026-09,Oui,2026-09-21
30,Conseillers Clients Germanophones,TP,Non classifié,Tunis,CDI,keejob,2026-09-21,2026-09,Oui,2026-09-21
31,Collaborateur(trice) Comptable,QEMC,Non classifié,Tunis,CDD,keejob,2026-09-21,2026-09,Oui,2026-09-21
32,Aide magasinier,GROUPE JUDY,Non classifié,Description : Le Groupe Judy Recrute Son Aide Maga,CDI,keejob,2026-09-21,2026-09,Oui,2026-09-21
45,Tech sup en GC - pas d'expérience exigée,BBTP - BIRI POUR LE BATIMENT ET LES TRAVAUX PUBLICS,Non classifié,Ariana,CDI,keejob,2026-09-21,2026-09,Oui,2026-09-21
46,Tech sup en GC - 5 ans expérience,BBTP - BIRI POUR LE BATIMENT ET LES TRAVAUX PUBLICS,Non classifié,Ariana,CDI,keejob,2026-09-21,2026-09,Oui,2026-09-21
47,Coordinateur(trice) Administratif(ve),THE SPACE OF WISDOM,Non classifié,Tunis,SIVP,keejob,2026-09-21,2026-09,Oui,2026-09-21
33,Manœuvres ordinaires / Opératrices,GROUPE JUDY,Non classifié,Tunis,CDI,keejob,2026-09-21,2026-09,Oui,2026-09-21
34,Technicien en maintenance,GROUPE JUDY,Non classifié,Tunis,CDI,keejob,2026-09-21,2026-09,Oui,2026-09-21
35,Technicien HSE,GROUPE JUDY,Non classifié,Tunis,CDI,keejob,2026-09-21,2026-09,Oui,2026-09-21
36,Technicien maintenance (Zriba),GROUPE JUDY,Non classifié,Tunis,CDI,keejob,2026-09-21,2026-09,Oui,2026-09-21
37,Convoyeur (Medenine),GROUPE JUDY,Non classifié,Médenine,CDI,keejob,2026-09-21,2026-09,Oui,2026-09-21
83,Administrateur applications collaboratives,AKWEL SERVICES TUNISIE,Non classifié,Tunis,CDI,keejob,2026-09-21,2026-09,Oui,2026-09-21
39,Directeur Production & Technique CMS,PARTNER RECRUITMENT,Non classifié,Tunis,CDI,keejob,2026-09-21,2026-09,Oui,2026-09-21
40,Chef Pâtissier (Libye),PARTNER RECRUITMENT,Non classifié,Non précisé,CDI,keejob,2026-09-21,2026-09,Oui,2026-09-21
41,Directeur D'usine (emballage en carton),PARTNER RECRUITMENT,Non classifié,Tunis,CDI,keejob,2026-09-21,2026-09,Oui,2026-09-21
42,Chef de Zone ( Sfax),,Non classifié,Société Industrielle Et Commerciale En Pleine Croi,CDI,keejob,2026-09-21,2026-09,Oui,2026-09-21
43,Goldstar Processing Agent-UK Market 3 months,NATIONAL PEN,Non classifié,Job Title: Goldstar Processing Support Agent - Uk ,Non précisé,keejob,2026-09-21,2026-09,Oui,2026-09-21
44,Barista/Comptoiriste Café TUNISIA MALL 1,,Non classifié,Tunis,CDD,keejob,2026-09-21,2026-09,Oui,2026-09-21
315,Stages PFE 2026,Linedata,Non classifié,Tunis,Non précisé,LinkedIn,2026-09-21,2026-09,Non,2026-09-11
48,SOUDEUR,LA BROSSE,Non classifié,Non précisé,CDI,keejob,2026-09-21,2026-09,Oui,2026-09-21
49,chef de projet dispositif Médicaux,PLASTIC ELECTROMECHANIC COMPANY PEC,Non classifié,"Bir Mcherga,
                                     ",CDI,keejob,2026-09-21,2026-09,Oui,2026-09-21
50,Directeur de Site Senior – BPO,,Non classifié,Tunis,CDI,keejob,2026-09-21,2026-09,Oui,2026-09-21
51,Chef de poste Production,KROMBERG & SCHUBERT TUNISIE,Non classifié,Non précisé,CDI,keejob,2026-09-21,2026-09,Oui,2026-09-21
52,Chargé de back-office en mutuelle santé,ECG ASSURANCES,Non classifié,"Ecg Assurances, Courtier En Assurances Indépendant",CDI,keejob,2026-09-21,2026-09,Oui,2026-09-21
53,Technicien en Génie Civil,SOS VILLAGE D'ENFANTS,Non classifié,Tunis,CDI,keejob,2026-09-21,2026-09,Oui,2026-09-21
66,Téléconseillers en Mutuelle Santé,OUTSOURCIA,Non classifié,Tunis,CDI,keejob,2026-09-21,2026-09,Oui,2026-09-21
54,Chargé de Transit,PARTNER RECRUITMENT,Non classifié,Tunis,Non précisé,keejob,2026-09-21,2026-09,Oui,2026-09-21
55,Responsable Utilités & Énergie,SFBT,Non classifié,Nabeul,CDI,keejob,2026-09-21,2026-09,Oui,2026-09-21
56,Ingénieur qualité et SDA,SFBT,Non classifié,Tunis,CDI,keejob,2026-09-21,2026-09,Oui,2026-09-21
57,Operatori call center di lingua Italiana,OUTSOURCIA,Non classifié,Ariana,CDI,keejob,2026-09-21,2026-09,Oui,2026-09-21
58,Spécialiste Vente et Marketing (Basé à Sfax),,Non classifié,Sfax,SIVP,keejob,2026-09-21,2026-09,Oui,2026-09-21
59,Analyste Fonctionnel ERP,METAM,Non classifié,Tunis,Non précisé,keejob,2026-09-21,2026-09,Oui,2026-09-21
80,PROFESSEUR DOCUMENTALISTE,GROUPE SCOLAIRE RENE DESCARTES,Non classifié,Tunis,CDI,keejob,2026-09-21,2026-09,Oui,2026-09-21
316,Développeur fullstack,IA INFINITY,Non classifié,Tunis,Non précisé,LinkedIn,2026-09-21,2026-09,Non,2026-09-21
60,Analyste Fonctionnel ERP - Comptabilité,METAM,Non classifié,Tunis,CDI,keejob,2026-09-21,2026-09,Oui,2026-09-21
61,Conseiller service client hispanophone,OUTSOURCIA,Non classifié,Tunis,CDI,keejob,2026-09-21,2026-09,Oui,2026-09-21
62,Agent technico-commercial,GROUPE MABROUKA,Non classifié,Kairouan,CDD,keejob,2026-09-21,2026-09,Oui,2026-09-21
63,Customer Experience Specialist (BO)– German,GEVEKOM,Non classifié,Tunis,CDI,keejob,2026-09-21,2026-09,Oui,2026-09-21
64,Customer Service Expert - Allemand,GEVEKOM,Non classifié,Tunis,CDI,keejob,2026-09-21,2026-09,Oui,2026-09-21
65,Conseillers Commerciaux en Réception d'appel,OUTSOURCIA,Non classifié,Tunis,CDI,keejob,2026-09-21,2026-09,Oui,2026-09-21
67,Merchandiser Pharmacies & Parapharmacies,MEDSOURCE,Non classifié,Tunis,CDI,keejob,2026-09-21,2026-09,Oui,2026-09-21
68,Un/Une Gestionnaire micro-assurance,ADVANS TUNISIE_INSTITUTION DE MICROFINANCE,Non classifié,Tunis,Non précisé,keejob,2026-09-21,2026-09,Oui,2026-09-21
69,Commerciaux en protection cyberinformatique,OUTSOURCIA,Non classifié,Tunis,CDI,keejob,2026-09-21,2026-09,Oui,2026-09-21
70,Superviseur de production (Oil&Gas),PARTNER RECRUITMENT,Non classifié,Ben Arous,CDI,keejob,2026-09-21,2026-09,Oui,2026-09-21
71,Assistance technique FR /Réception d'appel,ALMAVIVA,Non classifié,Ariana,CDI,keejob,2026-09-21,2026-09,Oui,2026-09-21
72,"Chef de poste Production ""Coupe et VK""",KROMBERG & SCHUBERT TUNISIE,Non classifié,Rejoignez Kromberg & Schubert À Béja En Tant Que C,CDI,keejob,2026-09-21,2026-09,Oui,2026-09-21
338,AWS Cloud Engineer,Eggmed,Non classifié,Tunis,Non précisé,LinkedIn,2026-09-21,2026-09,Non,2026-08-24
73,Responsable Fabrication (France),PARTNER RECRUITMENT,Non classifié,Non précisé,CDI,keejob,2026-09-21,2026-09,Oui,2026-09-21
74,Ingénieur en Génie industriel,SOQUIBAT,Non classifié,"Bir Mcherga,
                                     ",CDI,keejob,2026-09-21,2026-09,Oui,2026-09-21
75,Téléconseiller Service Client Multicanal,OUTSOURCIA,Non classifié,Tunis,CDI,keejob,2026-09-21,2026-09,Oui,2026-09-21
76,Customer Service Support,OUTSOURCIA,Non classifié,Ariana,CDI,keejob,2026-09-21,2026-09,Oui,2026-09-21
77,Responsable Ressources Humaines,SFBT,Non classifié,Tunis,CDI,keejob,2026-09-21,2026-09,Oui,2026-09-21
78,"Téléconseillers (Appels, Chat & Email)",OUTSOURCIA,Non classifié,Tunis,CDI,keejob,2026-09-21,2026-09,Oui,2026-09-21
79,Professeur(e) de Physique-Chimie-Rentrée 26,GROUPE SCOLAIRE RENE DESCARTES,Non classifié,Tunis,CDI,keejob,2026-09-21,2026-09,Oui,2026-09-21
84,Mécanicien Régleur (Poste basé en France),PARTNER RECRUITMENT,Non classifié,Non précisé,CDI,keejob,2026-09-21,2026-09,Oui,2026-09-21
85,Vendeur / Préparateur de Jus,,Non classifié,Tunis,CDI,keejob,2026-09-21,2026-09,Oui,2026-09-21
86,Sales Support Officer (Sousse),PARTNER RECRUITMENT,Non classifié,Sousse,CDI,keejob,2026-09-21,2026-09,Oui,2026-09-21
87,Consultant test et recette en finance,TEKLEND,Non classifié,Ariana,CDD,keejob,2026-09-21,2026-09,Oui,2026-09-21
88,TECHNICIEN AGRICOLE,AYACHI GROUP,Non classifié,Siliana,CDI,keejob,2026-09-21,2026-09,Oui,2026-09-21
89,Un(e) Chargé(e) Call Center,MICROCRED,Non classifié,Tunis,CDI,keejob,2026-09-21,2026-09,Oui,2026-09-21
104,operateur/ opératrice de production,PHARMAGHREB,Non classifié,Ariana,CDD,keejob,2026-09-21,2026-09,Oui,2026-09-21
304,Consultant(e) PLSQL Confirmé(e)— Mission Nearshoring B2 Allemand,"BID consulting — BI, AI & Digital Strategy",Non classifié,Tunis,Non précisé,LinkedIn,2026-09-21,2026-09,Non,2026-09-21
526,Technicien informatique,GOURMANDISE,Non classifié,Ariana,CDI,keejob,2026-09-22,2026-09,Oui,2026-09-22
90,TECHNICIEN MAINTENANCE MOULES H,SAVOY TUNISIA,Non classifié,Ariana,CDI,keejob,2026-09-21,2026-09,Oui,2026-09-21
91,RESPONSABLE MAINTENANCE,AYACHI GROUP,Non classifié,Siliana,CDI,keejob,2026-09-21,2026-09,Oui,2026-09-21
92,RESPONSABLE AGRICOLE,AYACHI GROUP,Non classifié,Siliana,CDI,keejob,2026-09-21,2026-09,Oui,2026-09-21
93,Responsable Ressources Humaines.,SFBT,Non classifié,Tunis,CDI,keejob,2026-09-21,2026-09,Oui,2026-09-21
94,DIRECTEUR COMMERCIAL MARCHÉ LOCAL,AYACHI GROUP,Non classifié,Notre Entreprise Agro-Alimentaire Recrute Un(E) Di,Non précisé,keejob,2026-09-21,2026-09,Oui,2026-09-21
95,TECHNICIEN DE MAINTENANCE,AYACHI GROUP,Non classifié,Siliana,CDI,keejob,2026-09-21,2026-09,Oui,2026-09-21
96,RESPONSABLE GRH & JURIDIQUE,AYACHI GROUP,Non classifié,Siliana,CDI,keejob,2026-09-21,2026-09,Oui,2026-09-21
97,Chargé(e) de Recrutement,SFBT,Non classifié,Tunis,CDI,keejob,2026-09-21,2026-09,Oui,2026-09-21
98,RESPONSABLE ERP,,Non classifié,Siliana,CDI,keejob,2026-09-21,2026-09,Oui,2026-09-21
99,DIRECTEUR INDUSTRIEL,AYACHI GROUP,Non classifié,Siliana,CDI,keejob,2026-09-21,2026-09,Oui,2026-09-21
100,Chargé de Recouvrement Factoring,TUNISIE LEASING ET FACTORING,Non classifié,Tunis,CDI,keejob,2026-09-21,2026-09,Oui,2026-09-21
101,ASSISTANTE COMMERCIALE,AYACHI GROUP,Non classifié,Tunis,CDI,keejob,2026-09-21,2026-09,Oui,2026-09-21
102,Chargé Relation Client / Gestion Commerciale,PARTNER RECRUITMENT,Non classifié,Tunis,Non précisé,keejob,2026-09-21,2026-09,Oui,2026-09-21
103,TECHNICIEN MAINTENANCE & SAV INDUSTRIEL,,Non classifié,Ben Arous,CDI,keejob,2026-09-21,2026-09,Oui,2026-09-21
105,Technicien Methode,ELECTRONIC TUNISI SYSTEM,Non classifié,Ben Arous,CDI,keejob,2026-09-21,2026-09,Oui,2026-09-21
106,Technicien -Maintenance,ELECTRONIC TUNISI SYSTEM,Non classifié,Ben Arous,SIVP,keejob,2026-09-21,2026-09,Oui,2026-09-21
107,Ingenieur Qualité,ELECTRONIC TUNISI SYSTEM,Non classifié,Société Offe Shore Dans Le Secteur Electronique Ch,CDI,keejob,2026-09-21,2026-09,Oui,2026-09-21
108,Comptable / Expérience en compta Française,FINOPTI TN,Non classifié,Ariana,CDI,keejob,2026-09-21,2026-09,Oui,2026-09-21
109,Des Téléconseillers BtoB,ALMAVIVA,Non classifié,Ariana,CDI,keejob,2026-09-21,2026-09,Oui,2026-09-21
110,Comptable,PARTNER RECRUITMENT,Non classifié,Tunis,CDI,keejob,2026-09-21,2026-09,Oui,2026-09-21
111,Chef Service production et sécurité,PARTNER RECRUITMENT,Non classifié,Tunis,CDI,keejob,2026-09-21,2026-09,Oui,2026-09-21
112,Assistant relation clients,TANIS,Non classifié,Vous Êtes Passionné(E) Par Les Relations Humaines ,CDI,keejob,2026-09-21,2026-09,Oui,2026-09-21
113,Auditeur Interne Junior,MICROCRED,Non classifié,Tunis,CDI,keejob,2026-09-21,2026-09,Oui,2026-09-21
114,Un(e) Business Analyst (MOA),MICROCRED,Non classifié,Tunis,CDI,keejob,2026-09-21,2026-09,Oui,2026-09-21
115,Télévendeurs (es) Telco,ACTIVE CONTACT,Non classifié,Tunis,CDI,keejob,2026-09-21,2026-09,Oui,2026-09-21
130,Responsable Gestion de Stock,,Non classifié,Sfax,CDI,keejob,2026-09-21,2026-09,Oui,2026-09-21
116,Responsable Infrastructure et Exploitation IT,ACTIVE CONTACT,Non classifié,Tunis,CDI,keejob,2026-09-21,2026-09,Oui,2026-09-21
117,TÉLÉCONSEILLER - VENTE ASSURANCE SANTÉ,ECG ASSURANCES,Non classifié,Tunis,CDI,keejob,2026-09-21,2026-09,Oui,2026-09-21
118,Opérateur de montage – CDI,UPERGY,Non classifié,"Douar Hicher,
                                    ",CDI,keejob,2026-09-21,2026-09,Oui,2026-09-21
119,Designer Graphique,METAM,Non classifié,Sfax,Non précisé,keejob,2026-09-21,2026-09,Oui,2026-09-21
120,Responsable Site PFT,AZIZA,Non classifié,Tunis,CDI,keejob,2026-09-21,2026-09,Oui,2026-09-21
121,MANAGER TELEVENTE - FR,ETAI TUNISIE/INFOPRO DIGITAL,Non classifié,Infopro-Digital Est Un Groupe B2B Spécialiste De L,CDI,keejob,2026-09-21,2026-09,Oui,2026-09-21
122,Chargé (e ) hotline,AUTOP,Non classifié,Ariana,CDI,keejob,2026-09-21,2026-09,Oui,2026-09-21
123,Trésorier Junior,MICROCRED,Non classifié,Tunis,CDI,keejob,2026-09-21,2026-09,Oui,2026-09-21
131,Technicien en maintenance électrique,SNA,Non classifié,Sousse,CDI,keejob,2026-09-21,2026-09,Oui,2026-09-21
124,Vendeur/ Caissier Bershka Tunis City,TUNTEX,Non classifié,"Pour Accompagner Son Développement, Le Groupe Indi",Non précisé,keejob,2026-09-21,2026-09,Oui,2026-09-21
125,Agent d’Archive,SOQUIBAT,Non classifié,Zaghouan,CDI,keejob,2026-09-21,2026-09,Oui,2026-09-21
126,Commercial (e),BEST PACK,Non classifié,Monastir,CDI,keejob,2026-09-21,2026-09,Oui,2026-09-21
127,Responsable Production,BEST PACK,Non classifié,Monastir,CDI,keejob,2026-09-21,2026-09,Oui,2026-09-21
128,Assistant(e) Commercial(e),BEST PACK,Non classifié,Monastir,CDI,keejob,2026-09-21,2026-09,Oui,2026-09-21
129,Chargé de Production.,SNA,Non classifié,Sousse,Non précisé,keejob,2026-09-21,2026-09,Oui,2026-09-21
133,Assistant Magasinier – Dépôt,ARTS MENAGERS DISTRIBUTION,Non classifié,Tunis,CDD,keejob,2026-09-21,2026-09,Oui,2026-09-21
134,Responsable commercial,PROLATEX INDUSTRIE,Non classifié,Tunis,CDI,keejob,2026-09-21,2026-09,Oui,2026-09-21
135,Un (e) Chargé(e) Ordonnancement et Paie,BEN YAGHLANE SHOPS,Non classifié,Manouba,Non précisé,keejob,2026-09-21,2026-09,Oui,2026-09-21
136,Consultant Fonctionnel ERP Junior,GROUPE MABROUKA,Non classifié,Ben Arous,CDI,keejob,2026-09-21,2026-09,Oui,2026-09-21
137,Commercial(e) Terrain Fibre & Maxbox,LARIANI RETAIL NETWORK,Non classifié,Dans Le Cadre Du Développement De Son Activité Com,CDI,keejob,2026-09-21,2026-09,Oui,2026-09-21
138,COMMERCIAL(E) B2B - 100 % Télétravail,WEB FULL CONTACT WFC,Non classifié,Tunis,CDI,keejob,2026-09-21,2026-09,Oui,2026-09-21
305,Junior Embedded Software Engineer – Fresh Graduate,SBEC-Partners,Non classifié,Tunis,Non précisé,LinkedIn,2026-09-21,2026-09,Non,2026-09-20
139,Comptable pour Gestion de Copropriété,ADB OUTSOURCING,Non classifié,"Cite El Khadra,
                                  ",CDI,keejob,2026-09-21,2026-09,Oui,2026-09-21
140,INGÉNIEUR CONTRÔLE QUALITÉ — JUNIOR,ORIENT TEA,Non classifié,Ben Arous,CDI,keejob,2026-09-21,2026-09,Oui,2026-09-21
141,INGÉNIEUR MANAGEMENT QUALITÉ — JUNIOR,ORIENT TEA,Non classifié,Ben Arous,CDI,keejob,2026-09-21,2026-09,Oui,2026-09-21
142,Production Pharmacist,IBN AL BAYTAR HIKMA,Non classifié,Ariana,CDI,keejob,2026-09-21,2026-09,Oui,2026-09-21
143,Agent CIP,LABORATOIRE THERA,Non classifié,Manouba,CDI,keejob,2026-09-21,2026-09,Oui,2026-09-21
144,Coursier,AUTOP,Non classifié,Ariana,CDI,keejob,2026-09-21,2026-09,Oui,2026-09-21
145,Chargé (e )du suivi des réparations& qualité.,AUTOP,Non classifié,Ariana,CDI,keejob,2026-09-21,2026-09,Oui,2026-09-21
146,Technicien(ne) en Maintenance Biomédicale,AMEN SANTE,Non classifié,Nabeul,CDI,keejob,2026-09-21,2026-09,Oui,2026-09-21
147,Gestionnaire de Souscription Mutuelle Santé,ECG ASSURANCES,Non classifié,Tunis,CDI,keejob,2026-09-21,2026-09,Oui,2026-09-21
148,Assistant Production,,Non classifié,Ben Arous,CDI,keejob,2026-09-21,2026-09,Oui,2026-09-21
149,Assistante Administrative,,Non classifié,Ben Arous,CDI,keejob,2026-09-21,2026-09,Oui,2026-09-21
173,Conseillers Commerciaux TELCO,ACTIVE CONTACT,Non classifié,Tunis,CDI,keejob,2026-09-21,2026-09,Oui,2026-09-21
150,ARCHITECTE JUNIOR FEMME,,Non classifié,Ben Arous,CDI,keejob,2026-09-21,2026-09,Oui,2026-09-21
151,Acheteur(se) - Carthago Brick,CARTHAGO SANITAIRE,Non classifié,Zaghouan,CDI,keejob,2026-09-21,2026-09,Oui,2026-09-21
152,Femme de ménage,GROUPE SCOLAIRE RENE DESCARTES,Non classifié,Tunis,CDI,keejob,2026-09-21,2026-09,Oui,2026-09-21
153,technicien maintenance Plasturgie,THERMOPLASTICS TUNISIA,Non classifié,Technicien Maintenance Plasturgie: 01Poste Basé Su,CDI,keejob,2026-09-21,2026-09,Oui,2026-09-21
154,GESTIONNAIRE DE TRÉSORERIE BJO,CARTHAGO SANITAIRE,Non classifié,"Bir Mcherga,
                                     ",CDI,keejob,2026-09-21,2026-09,Oui,2026-09-21
155,Comptable Clients,STAROIL,Non classifié,Tunis,CDI,keejob,2026-09-21,2026-09,Oui,2026-09-21
156,TECHNICIEN QUALITE,,Non classifié,Ben Arous,CDI,keejob,2026-09-21,2026-09,Oui,2026-09-21
157,Télévendeurs Mutuelle Santé,ECG ASSURANCES,Non classifié,Tunis,CDI,keejob,2026-09-21,2026-09,Oui,2026-09-21
158,Assistante Logistique,,Non classifié,Ben Arous,CDI,keejob,2026-09-21,2026-09,Oui,2026-09-21
159,Professeur(e) d’Anglais-Rentrée 26,GROUPE SCOLAIRE RENE DESCARTES,Non classifié,Ariana,CDI,keejob,2026-09-21,2026-09,Oui,2026-09-21
160,Assistante RH,,Non classifié,Ben Arous,CDI,keejob,2026-09-21,2026-09,Oui,2026-09-21
161,Gestionnaire de Paie Française,FINOPTI TN,Non classifié,Tunis,CDI,keejob,2026-09-21,2026-09,Oui,2026-09-21
162,Financier,STAROIL,Non classifié,Tunis,SIVP,keejob,2026-09-21,2026-09,Oui,2026-09-21
163,ASSISTANTE DE DIRECTION,,Non classifié,Ben Arous,CDI,keejob,2026-09-21,2026-09,Oui,2026-09-21
306,Senior Embedded Software Engineer,SBEC-Partners,Non classifié,Tunis,Non précisé,LinkedIn,2026-09-21,2026-09,Non,2026-09-20
164,Responsable RH,,Non classifié,Ben Arous,CDI,keejob,2026-09-21,2026-09,Oui,2026-09-21
165,Manager Télévente – Assurance Automobile IARD,ECG ASSURANCES,Non classifié,Tunis,CDI,keejob,2026-09-21,2026-09,Oui,2026-09-21
166,Technicien Mécanique de précision,TECHNIPLAST INDUSTRIE,Non classifié,"Menzel Jemil,
                                    ",CDI,keejob,2026-09-21,2026-09,Oui,2026-09-21
167,Technicien Qualité,TECHNIPLAST INDUSTRIE,Non classifié,Bizerte,CDD,keejob,2026-09-21,2026-09,Oui,2026-09-21
168,Pharmacien validation process,PHARMAGHREB,Non classifié,Ariana,CDI,keejob,2026-09-21,2026-09,Oui,2026-09-21
169,Gestionnaire RH,,Non classifié,Ariana,CDI,keejob,2026-09-21,2026-09,Oui,2026-09-21
170,Chef d'équipe,TECHNIPLAST INDUSTRIE,Non classifié,"Menzel Jemil,
                                    ",CDI,keejob,2026-09-21,2026-09,Oui,2026-09-21
171,Télévendeurs Energie et Telco,ACTIVE CONTACT,Non classifié,Tunis,CDI,keejob,2026-09-21,2026-09,Oui,2026-09-21
172,Conducteur machine,TERIAK,Non classifié,"Mornaguia,
                                       ",CDI,keejob,2026-09-21,2026-09,Oui,2026-09-21
174,Développeur Web FullStack (.NET) à Sousse,CISA INFORMATIQUE,Non classifié,Sousse,CDI,keejob,2026-09-21,2026-09,Oui,2026-09-21
175,Ingénieur logiciel full-stack junior,ALLO REPARATEUR - FUSION,Non classifié,Qadilex Recrute : Ingénieur(E) Logiciel Full-Stack,CDD,keejob,2026-09-21,2026-09,Oui,2026-09-21
176,"Ingénieur(e) IA / Data junior, RAG",ALLO REPARATEUR - FUSION,Non classifié,Qadilex Recrute : Ingénieur(E) Ia / Data Junior (H,CDI,keejob,2026-09-21,2026-09,Oui,2026-09-21
177,Technicien(ne) en Biologie Médicale,MEDIKNLAB,Non classifié,Mahdia,CDI,keejob,2026-09-21,2026-09,Oui,2026-09-21
178,gestion de paie,MBJ SERVICES,Non classifié,"Houmet Essouk,
                                   ",CDI,keejob,2026-09-21,2026-09,Oui,2026-09-21
179,Développeur Web spécialisé en IA,EL AMEL MICROFINANCE,Non classifié,Ben Arous,CDI,keejob,2026-09-21,2026-09,Oui,2026-09-21
180,"Die Chance, dein Deutsch täglich zu nutzen",CPL JOBS,Non classifié,Ariana,CDI,keejob,2026-09-21,2026-09,Oui,2026-09-21
239,Technicien(ne) en Radiologie PCB,AMEN SANTE,Non classifié,"Dans Le Cadre Du Renforcement De Ses Équipes, La P",CDI,keejob,2026-09-21,2026-09,Oui,2026-09-21
181,WIR STELLEN EIN IT HELPDESK /DEUTSCHER MARKT,CPL JOBS,Non classifié,Ariana,Non précisé,keejob,2026-09-21,2026-09,Oui,2026-09-21
182,Assistante Administrative,EL AMEL MICROFINANCE,Non classifié,Tunis,CDI,keejob,2026-09-21,2026-09,Oui,2026-09-21
183,Técnico Helpdesk/d) – Língua Portuguesa,CPL JOBS,Non classifié,Ariana,CDI,keejob,2026-09-21,2026-09,Oui,2026-09-21
184,Ingénieur(e) Thermique,HR HOUSE INTERNATIONAL,Non classifié,Tunis,CDI,keejob,2026-09-21,2026-09,Oui,2026-09-21
185,Addetta all'accoglienza,CPL JOBS,Non classifié,Ariana,CDI,keejob,2026-09-21,2026-09,Oui,2026-09-21
186,Responsable Robotique Industrielle,POULINA GROUP HOLDING,Non classifié,Ben Arous,Non précisé,keejob,2026-09-21,2026-09,Oui,2026-09-21
187,"Tschüss Langeweile, hallo Traumteam!",CPL JOBS,Non classifié,Ariana,CDI,keejob,2026-09-21,2026-09,Oui,2026-09-21
240,Assistante Maternelle,GROUPE SCOLAIRE RENE DESCARTES,Non classifié,Tunis,CDD,keejob,2026-09-21,2026-09,Oui,2026-09-21
307,AUTOSAR Audio Stack Engineer,SEGULA Technologies,Non classifié,Tunis,Non précisé,LinkedIn,2026-09-21,2026-09,Non,2026-09-20
339,Ingénieur QA Technique,NeoXam,Non classifié,Tunis,Non précisé,LinkedIn,2026-09-21,2026-09,Non,2026-09-05
188,Technicien controle Qualite,PHARMAGHREB,Non classifié,Ariana,CDI,keejob,2026-09-21,2026-09,Oui,2026-09-21
189,Opérateur de fabrication,DAR ESSAYDALI,Non classifié,Sfax,Non précisé,keejob,2026-09-21,2026-09,Oui,2026-09-21
190,Entrer dans le monde de la Tech,CPL JOBS,Non classifié,Ariana,CDI,keejob,2026-09-21,2026-09,Oui,2026-09-21
191,"welcome guests, this job is for you!",CPL JOBS,Non classifié,Ariana,CDI,keejob,2026-09-21,2026-09,Oui,2026-09-21
192,Gardien,DAR ESSAYDALI,Non classifié,Sfax,Non précisé,keejob,2026-09-21,2026-09,Oui,2026-09-21
193,Technicien sup labo développement,PHARMAGHREB,Non classifié,Ariana,CDI,keejob,2026-09-21,2026-09,Oui,2026-09-21
194,responsable du développement commercial,LABORATOIRES PROTIS,Non classifié,Tunis,CDI,keejob,2026-09-21,2026-09,Oui,2026-09-21
195,Technico-commercial,SEMO ART ET DECO,Non classifié,Ariana,CDD,keejob,2026-09-21,2026-09,Oui,2026-09-21
196,Responsable Bureau d’Études,SERVICE LAVENIR,Non classifié,Sfax,CDI,keejob,2026-09-21,2026-09,Oui,2026-09-21
197,Responsable maintenance,GREEN RECYCLING,Non classifié,Sousse,CDI,keejob,2026-09-21,2026-09,Oui,2026-09-21
198,Un Conseiller Immobilier,HR HOUSE INTERNATIONAL,Non classifié,Tunis,CDI,keejob,2026-09-21,2026-09,Oui,2026-09-21
199,délégué médical,,Non classifié,"Laboratoire Pharmaceutique Recrute, Dans Le Cadre ",CDI,keejob,2026-09-21,2026-09,Oui,2026-09-21
200,Stage Technicien,DELICE DANONE STIAL,Non classifié,Nabeul,Non précisé,keejob,2026-09-21,2026-09,Oui,2026-09-21
201,Brand Manager,LABORATOIRES PROTIS,Non classifié,Tunis,CDI,keejob,2026-09-21,2026-09,Oui,2026-09-21
308,Consultant Débutant Data Engineer,KPMG Tunisia,Non classifié,Tunis,Non précisé,LinkedIn,2026-09-21,2026-09,Non,2026-09-17
309,"Lead Software Engineer (AWS, TypeScript)",Scope Merge,Non classifié,Tunis,Non précisé,LinkedIn,2026-09-21,2026-09,Non,2026-09-16
310,Senior Technical Architect,Eggmed,Non classifié,Tunis,Non précisé,LinkedIn,2026-09-21,2026-09,Non,2026-08-24
202,Collaborateur Comptable,KPI ACCOUNTING,Non classifié,Sousse,CDI,keejob,2026-09-21,2026-09,Oui,2026-09-21
203,Assistant Commercial,ARTS MENAGERS DISTRIBUTION,Non classifié,Tunis,CDD,keejob,2026-09-21,2026-09,Oui,2026-09-21
204,"Kundenberatung, Prämie+Vorteile",OUTSOURCIA,Non classifié,Ariana,CDI,keejob,2026-09-21,2026-09,Oui,2026-09-21
205,Conseiller Clientèle Arabophone,OUTSOURCIA,Non classifié,Tunis,CDI,keejob,2026-09-21,2026-09,Oui,2026-09-21
206,Conseillers en Relations Humaines,TANIS,Non classifié,Ariana,CDI,keejob,2026-09-21,2026-09,Oui,2026-09-21
207,Video Scenarist,BUZZBIBLE,Non classifié,Tunis,CDI,keejob,2026-09-21,2026-09,Oui,2026-09-21
241,Chargé(e) Contrôle de Gestion,ADVANS TUNISIE_INSTITUTION DE MICROFINANCE,Non classifié,Tunis,Non précisé,keejob,2026-09-21,2026-09,Oui,2026-09-21
208,Responsable d'équipe Anglophone,OUTSOURCIA,Non classifié,Tunis,CDI,keejob,2026-09-21,2026-09,Oui,2026-09-21
209,Motion Designer (Monteur Vidéo),OUTSOURCIA,Non classifié,Tunis,CDI,keejob,2026-09-21,2026-09,Oui,2026-09-21
210,Commercial,,Non classifié,Tunis,CDI,keejob,2026-09-21,2026-09,Oui,2026-09-21
211,Commercial secteur alimentaire,,Non classifié,Tunis,CDI,keejob,2026-09-21,2026-09,Oui,2026-09-21
212,Magasinier,,Non classifié,Tunis,CDI,keejob,2026-09-21,2026-09,Oui,2026-09-21
213,Technicien supérieur maintenance des engins,SOCIETE YASMINE DES SERVICES,Non classifié,Nabeul,CDI,keejob,2026-09-21,2026-09,Oui,2026-09-21
214,Chauffeur,CABINET OPHTALMOLOGIQUE ADEL TRABELSI,Non classifié,Tunis,CDI,keejob,2026-09-21,2026-09,Oui,2026-09-21
215,Réceptionniste,STEP UP CONSULTING,Non classifié,Tunis,SIVP,keejob,2026-09-21,2026-09,Oui,2026-09-21
216,Graphic Designer,LINKERS IT,Non classifié,Nabeul,CDI,keejob,2026-09-21,2026-09,Oui,2026-09-21
217,Aide Comptable,INTER MAGHREB MEUBLES,Non classifié,Tunis,CDI,keejob,2026-09-21,2026-09,Oui,2026-09-21
218,Assistante administrative,,Non classifié,Sousse,CDI,keejob,2026-09-21,2026-09,Oui,2026-09-21
219,Responsable de Point de Vente Adjoint,MBM TRADING CO,Non classifié,Ben Arous,CDI,keejob,2026-09-21,2026-09,Oui,2026-09-21
220,Brand Manager – Jus STIL,SFBT,Non classifié,🚀 Filiale Du Groupe Sfbt Recrute : Brand Manager D,CDI,keejob,2026-09-21,2026-09,Oui,2026-09-21
221,Ingénieur Électrique et Automatisation,SFBT,Non classifié,Tunis,CDI,keejob,2026-09-21,2026-09,Oui,2026-09-21
222,Conseillers Clients (SOUSSE),TP,Non classifié,Sousse,CDI,keejob,2026-09-21,2026-09,Oui,2026-09-21
223,Conseillers Client,TP,Non classifié,Tunis,CDI,keejob,2026-09-21,2026-09,Oui,2026-09-21
224,Conseillers client bilingues,TP,Non classifié,Tunis,CDI,keejob,2026-09-21,2026-09,Oui,2026-09-21
225,English Customer Service Representative,TRANSCOM,Non classifié,Tunis,CDI,keejob,2026-09-21,2026-09,Oui,2026-09-21
226,Application and Infrastructure Support,BULGIN TUNISIE,Non classifié,Manouba,CDI,keejob,2026-09-21,2026-09,Oui,2026-09-21
227,Responsable maintenance infrastructure et HSE,ONETECH,Non classifié,Bizerte,CDI,keejob,2026-09-21,2026-09,Oui,2026-09-21
228,Chargé(e) de Recouvrement francophone,FINOPTI TN,Non classifié,A Propos De Finopti:Finopti Est Une Société Spécia,CDI,keejob,2026-09-21,2026-09,Oui,2026-09-21
229,Agent en réception d’appels – Francophone,CONCENTRIX,Non classifié,Tunis,CDI,keejob,2026-09-21,2026-09,Oui,2026-09-21
230,Chef de Section de Production (TSM),SOTUCHOC,Non classifié,Tunis,CDI,keejob,2026-09-21,2026-09,Oui,2026-09-21
257,Métreur,STRAM GROUP,Non classifié,Tunis,CDD,keejob,2026-09-21,2026-09,Oui,2026-09-21
231,Technicien(ne)s d'Anesthésie et Réa PCB,AMEN SANTE,Non classifié,Dans Le Cadre Du Renforcement De Ses Équipes Soign,CDI,keejob,2026-09-21,2026-09,Oui,2026-09-21
232,"Comptable spécialisé(e) FR, USA et canadienne",TANIS,Non classifié,Ariana,CDI,keejob,2026-09-21,2026-09,Oui,2026-09-21
233,Technicien OU Ingénieur de Production,POULINA GROUP HOLDING,Non classifié,Nabeul,Non précisé,keejob,2026-09-21,2026-09,Oui,2026-09-21
234,Auditeur Interne,EL AMEL MICROFINANCE,Non classifié,Ben Arous,CDI,keejob,2026-09-21,2026-09,Oui,2026-09-21
235,BTP en Contrôle Qualité (Fejja),SOTUCHOC,Non classifié,Tunis,CDI,keejob,2026-09-21,2026-09,Oui,2026-09-21
236,Chaudiériste (Fejja),SOTUCHOC,Non classifié,Tunis,CDI,keejob,2026-09-21,2026-09,Oui,2026-09-21
237,Assistant(e) Administration des ventes,,Non classifié,"Cite El Khadra,
                                  ",CDI,keejob,2026-09-21,2026-09,Oui,2026-09-21
238,Assistant(e) Approvisionnement (N),SOTUCHOC,Non classifié,Tunis,CDI,keejob,2026-09-21,2026-09,Oui,2026-09-21
311,Software Developer,TotalEnergies,Non classifié,Tunis,Non précisé,LinkedIn,2026-09-21,2026-09,Non,2026-09-01
242,Surveillant Général,AMEN SANTE,Non classifié,Bizerte,CDI,keejob,2026-09-21,2026-09,Oui,2026-09-21
243,Technicien PHYSICO-CHIMIE,TERIAK,Non classifié,"Bir Mcherga,
                                     ",CDI,keejob,2026-09-21,2026-09,Oui,2026-09-21
244,Chef de Section de Production (TSN),SOTUCHOC,Non classifié,Tunis,CDI,keejob,2026-09-21,2026-09,Oui,2026-09-21
245,Gouvernante,GROUPE SCOLAIRE RENE DESCARTES,Non classifié,Ariana,CDD,keejob,2026-09-21,2026-09,Oui,2026-09-21
246,Chargé(e) de recouvrement terrain,EL AMEL MICROFINANCE,Non classifié,Ben Arous,CDI,keejob,2026-09-21,2026-09,Oui,2026-09-21
247,Responsable Développement Commercial,ACTIVE CONTACT,Non classifié,Tunis,CDI,keejob,2026-09-21,2026-09,Oui,2026-09-21
248,Commercial magasin Zarzis,AZIZA,Non classifié,Tunis,CDI,keejob,2026-09-21,2026-09,Oui,2026-09-21
264,Ouvrier,GRAVOPUB,Non classifié,Ben Arous,CDI,keejob,2026-09-21,2026-09,Oui,2026-09-21
265,Chargé du traitement des réclamations,POULINA GROUP HOLDING,Non classifié,Nabeul,Non précisé,keejob,2026-09-21,2026-09,Oui,2026-09-21
249,Agents Back-office,OUTSOURCIA,Non classifié,Tunis,CDI,keejob,2026-09-21,2026-09,Oui,2026-09-21
250,Technicien Supérieur contrôle qualité Mahdia,SFBT,Non classifié,La Sfbt Recrute – Technicien Supérieur En Contrôle,CDI,keejob,2026-09-21,2026-09,Oui,2026-09-21
251,Technicien Supérieur Génie Mécanique / Mahdia,SFBT,Non classifié,Mahdia,CDI,keejob,2026-09-21,2026-09,Oui,2026-09-21
252,TECHNICIEN BTP maintenance,,Non classifié,Tunis,CDI,keejob,2026-09-21,2026-09,Oui,2026-09-21
253,Sales Administration Officer Anglophone,HR HOUSE INTERNATIONAL,Non classifié,Tunis,CDI,keejob,2026-09-21,2026-09,Oui,2026-09-21
254,Responsable Qualité,BEN YAGHLANE SHOPS,Non classifié,Tunis,CDI,keejob,2026-09-21,2026-09,Oui,2026-09-21
255,Agent de nettoyage,UNIMED,Non classifié,"Kalaa El Kebira,
                                 ",CDI,keejob,2026-09-21,2026-09,Oui,2026-09-21
256,Ingénieur en Génie Civil (Travaux),STRAM GROUP,Non classifié,Ben Arous,CDD,keejob,2026-09-21,2026-09,Oui,2026-09-21
258,Chauffeur Poids Lourd et semi-remorque,SOCIETE YASMINE DES SERVICES,Non classifié,Nabeul,CDI,keejob,2026-09-21,2026-09,Oui,2026-09-21
259,Développeur(se) PHP / .NET,ZE TECH,Non classifié,Bizerte,CDI,keejob,2026-09-21,2026-09,Oui,2026-09-21
260,RESPPONSABLE MAINTENANCE,DEUTSCHCOLOR,Non classifié,Kairouan,CDI,keejob,2026-09-21,2026-09,Oui,2026-09-21
261,Chargé(e) de Digital Marketing,DEUTSCHCOLOR,Non classifié,Kairouan,CDI,keejob,2026-09-21,2026-09,Oui,2026-09-21
262,Technicien en Carrosserie,LE MOTEUR,Non classifié,Ariana,CDI,keejob,2026-09-21,2026-09,Oui,2026-09-21
263,Infographiste,GRAVOPUB,Non classifié,Ben Arous,CDI,keejob,2026-09-21,2026-09,Oui,2026-09-21
266,Professeur(e) d'arabe,ISC CARTHAGE,Non classifié,Tunis,CDI,keejob,2026-09-21,2026-09,Oui,2026-09-21
267,Comptable,,Non classifié,Tunis,CDI,keejob,2026-09-21,2026-09,Oui,2026-09-21
268,INGÉNIEUR INSPECTEUR TECHNIQUE,HR HOUSE INTERNATIONAL,Non classifié,Bizerte,CDI,keejob,2026-09-21,2026-09,Oui,2026-09-21
269,Chef de Produit Cosmétique,ARGANIA DISTRIBUTION,Non classifié,Tunis,CDI,keejob,2026-09-21,2026-09,Oui,2026-09-21
270,Chargé(e) recouvrement _GAFSA_DJERBA _TUNIS,CFE TUNISIE,Non classifié,Tunis,CDI,keejob,2026-09-21,2026-09,Oui,2026-09-21
271,Commercial de Terrain - Moncef Bey,CFE TUNISIE,Non classifié,Tunis,CDI,keejob,2026-09-21,2026-09,Oui,2026-09-21
277,Trésorier,AKWEL SERVICES TUNISIE,Non classifié,Tunis,CDI,keejob,2026-09-21,2026-09,Oui,2026-09-21
312,Unity Software Engineer - C#,Aquila Engineering,Non classifié,Tunis,Non précisé,LinkedIn,2026-09-21,2026-09,Non,2026-09-16
313,Développeur Junior - Nouveaux diplômés,Linedata,Non classifié,Tunis,Non précisé,LinkedIn,2026-09-21,2026-09,Non,2026-09-15
314,Développeur back-end senior — Java / Spring Boot / AWS,OptyConseil,Non classifié,Tunis,Non précisé,LinkedIn,2026-09-21,2026-09,Non,2026-09-21
272,Commercial de Terrain,CFE TUNISIE,Non classifié,Tunis,CDI,keejob,2026-09-21,2026-09,Oui,2026-09-21
273,Commercial de Terrain,CFE TUNISIE,Non classifié,Tunis,CDI,keejob,2026-09-21,2026-09,Oui,2026-09-21
274,Responsable Qualité et Écoute Client,AZIZA,Non classifié,Tunis,CDI,keejob,2026-09-21,2026-09,Oui,2026-09-21
275,Technicien en electricité,SMART MAINTENANCE ASSISTANCE,Non classifié,Ben Arous,CDI,keejob,2026-09-21,2026-09,Oui,2026-09-21
276,Agent marketing digital,SMART MAINTENANCE ASSISTANCE,Non classifié,Ben Arous,CDI,keejob,2026-09-21,2026-09,Oui,2026-09-21
278,Booking Agent – Italian Speaker (Full-Time),ENPAL,Non classifié,Tunis,CDI,keejob,2026-09-21,2026-09,Oui,2026-09-21
279,Télévendeurs Expérimentés en Énergie,COMETE TN.AI,Non classifié,Tunis,CDI,keejob,2026-09-21,2026-09,Oui,2026-09-21
280,Technicien Génie Electrique,,Non classifié,Non précisé,CDD,keejob,2026-09-21,2026-09,Oui,2026-09-21
281,Tecnico Supporto Fotovoltaico -Italiano C1/C2,ENPAL,Non classifié,Tunis,CDI,keejob,2026-09-21,2026-09,Oui,2026-09-21
295,Responsable Import-Export,,Non classifié,Tunis,Non précisé,ReKrute,2026-09-21,2026-09,Non,2026-09-21
296,Inhouse Consultant – Order to Cash,,Non classifié,Tunis,Non précisé,ReKrute,2026-09-21,2026-09,Non,2026-09-21
297,Directeur de site,,Non classifié,Tunis,Non précisé,ReKrute,2026-09-21,2026-09,Non,2026-09-21
298,Directeur Export,,Non classifié,Tunis,Non précisé,ReKrute,2026-09-21,2026-09,Non,2026-09-21
299,Directeur Industriel,,Non classifié,Tunis,Non précisé,ReKrute,2026-09-21,2026-09,Non,2026-09-21
300,Juriste,,Non classifié,Tunis,Non précisé,ReKrute,2026-09-21,2026-09,Non,2026-09-21
282,Account Manager | Supporto Clienti,ENPAL,Non classifié,Tunis,CDI,keejob,2026-09-21,2026-09,Oui,2026-09-21
283,Accountant - Italian required (at least B2),ENPAL,Non classifié,Tunis,CDI,keejob,2026-09-21,2026-09,Oui,2026-09-21
284,Qualiticien,,Non classifié,Nabeul,CDI,keejob,2026-09-21,2026-09,Oui,2026-09-21
285,Compensation & Benefits HR Controlling Senior,,Non classifié,Tunis,CDI,keejob,2026-09-21,2026-09,Oui,2026-09-21
301,Chargé dAppels dOffres IT Bid Officer,,Non classifié,Tunis,Non précisé,ReKrute,2026-09-21,2026-09,Non,2026-09-21
302,Business Process Expert BPM Business Support,,Non classifié,Tunis,Non précisé,ReKrute,2026-09-21,2026-09,Non,2026-09-21
286,Conducteur de Machine d'Impression Flexo,YALY PRINT,Non classifié,Nabeul,CDI,keejob,2026-09-21,2026-09,Oui,2026-09-21
287,Technicien Dépanneur confirmé,ALLO REPARATEUR - FUSION,Non classifié,Tunis,CDI,keejob,2026-09-21,2026-09,Oui,2026-09-21
288,CONSEILLÈRE DE VENTES,HR HOUSE INTERNATIONAL,Non classifié,Tunis,CDI,keejob,2026-09-21,2026-09,Oui,2026-09-21
289,Production Unit Manager,ZOPPAS INDUSTRIES,Non classifié,Monastir,CDI,keejob,2026-09-21,2026-09,Oui,2026-09-21
290,TECHNICIEN MAINTENANCE,,Non classifié,Nous Recherchons Actuellement Un Technicien En Mai,CDI,keejob,2026-09-21,2026-09,Oui,2026-09-21
291,Informaticien,UNITYLINK,Non classifié,Sfax,CDI,keejob,2026-09-21,2026-09,Oui,2026-09-21
292,Assistant(e) Administratif(ve) & Comptable,DAMADO CAFFE,Non classifié,Tunis,CDI,keejob,2026-09-21,2026-09,Oui,2026-09-21
293,After-sales Engineer (Color Sorter),,Non classifié,Tunis,Non précisé,ReKrute,2026-09-21,2026-09,Non,2026-09-21
294,Directeur(trice) Audit interne,,Non classifié,Tunis,Non précisé,ReKrute,2026-09-21,2026-09,Non,2026-09-21
317,Data Engineer,Socomec Group,Non classifié,Tunis,Non précisé,LinkedIn,2026-09-21,2026-09,Non,2026-09-04
318,Consultant Expert EKIP (AMS / RUN),TEAMWILL,Non classifié,Tunis,Non précisé,LinkedIn,2026-09-21,2026-09,Non,2026-09-17
319,DEVELOPPEUR FULL STACK SENIOR,RED TIC,Non classifié,Tunis,Non précisé,LinkedIn,2026-09-21,2026-09,Non,2026-08-28
320,CONSULTANT POWER PLATFORM/ SHAREPOINT (H/ F),RED TIC,Non classifié,Tunis,Non précisé,LinkedIn,2026-09-21,2026-09,Non,2026-09-17
321,SAP ABAP / Fiori Developer – BTP & Clean Core,DXC Technology,Non classifié,Tunis,Non précisé,LinkedIn,2026-09-21,2026-09,Non,2026-09-15
322,Fullstack Software Developer,Orisha,Non classifié,Tunis,Non précisé,LinkedIn,2026-09-21,2026-09,Non,2026-09-12
323,C++ Software Engineer I,FIS,Non classifié,Tunis,Non précisé,LinkedIn,2026-09-21,2026-09,Non,2026-09-17
324,Chargé d’études IA / Automatisation / Outils digitaux Tunis,SYSTRA,Non classifié,Tunis,Non précisé,LinkedIn,2026-09-21,2026-09,Non,2026-09-11
325,Développeur Senior FullStack JS ( Vue/React/Node),Devoteam,Non classifié,Tunis,Non précisé,LinkedIn,2026-09-21,2026-09,Non,2026-09-10
326,Lead Technique / Architecte Digital & Cloud,JEMS,Non classifié,Tunis,Non précisé,LinkedIn,2026-09-21,2026-09,Non,2026-09-21
327,Développeur SAS,EY,Non classifié,Tunis,Non précisé,LinkedIn,2026-09-21,2026-09,Non,2026-08-24
328,Data Management and AI-ML Senior Engineer,Autoliv,Non classifié,Tunis,Non précisé,LinkedIn,2026-09-21,2026-09,Non,2026-09-04
329,Consultant Sénior Data / BI Engineer ( ),INGELINE TECHNOLOGIES,Non classifié,Tunis,Non précisé,LinkedIn,2026-09-21,2026-09,Non,2026-09-01
330,Ingénieur Test,Valeo,Non classifié,Tunis,Non précisé,LinkedIn,2026-09-21,2026-09,Non,2026-09-09
331,Testeur QA,Docaposte Tunisie,Non classifié,Tunis,Non précisé,LinkedIn,2026-09-21,2026-09,Non,2026-08-28
332,Analyste Fonctionnel SIRH,ADP,Non classifié,Tunis,Non précisé,LinkedIn,2026-09-21,2026-09,Non,2026-09-08
333,Support & Integration Engineer,Vneuron Risk & Compliance,Non classifié,Tunis,Non précisé,LinkedIn,2026-09-21,2026-09,Non,2026-09-15
334,ABAP / Fiori / SAPUI5 Developer,Focus Corporation,Non classifié,Tunis,Non précisé,LinkedIn,2026-09-21,2026-09,Non,2026-09-14
335,Service desk Analyst Bilingue Français / Anglais,Everience TUNISIA,Non classifié,Tunis,Non précisé,LinkedIn,2026-09-21,2026-09,Non,2026-09-08
336,Ingénieur QA Automatisation,NeoXam,Non classifié,Tunis,Non précisé,LinkedIn,2026-09-21,2026-09,Non,2026-09-12
337,Observability Platform Engineer (Kubernetes / OpenShift),ODDO BHF,Non classifié,Tunis,Non précisé,LinkedIn,2026-09-21,2026-09,Non,2026-09-14
340,Expert Technique JS,DECADE,Non classifié,Tunis,Non précisé,LinkedIn,2026-09-21,2026-09,Non,2026-09-12
341,Scrum Master Senior / Agile Delivery Manager,PwC,Non classifié,Tunis,Non précisé,LinkedIn,2026-09-21,2026-09,Non,2026-09-21
342,Data Engineer,Amaris Consulting,Non classifié,Tunis,Non précisé,LinkedIn,2026-09-21,2026-09,Non,2026-09-06
343,Développeur Applicatif Senior,TunisieJob,Non classifié,Tunis,Non précisé,LinkedIn,2026-09-21,2026-09,Non,2026-09-17
344,AI Engineer,Capgemini Engineering,Non classifié,Tunis,Non précisé,LinkedIn,2026-09-21,2026-09,Non,2026-09-16
345,QA Engineer,Talent Expo - Middle East and North Africa,Non classifié,Tunis,Non précisé,LinkedIn,2026-09-21,2026-09,Non,2026-09-17
346,Apprenticeship Program 2026 : Configuration & IDE Tools Validation Intern,STMicroelectronics,Non classifié,Tunis,Non précisé,LinkedIn,2026-09-21,2026-09,Non,2026-09-08
347,Sage X3 Developer (Agrifood) -,Orisha,Non classifié,Tunis,Non précisé,LinkedIn,2026-09-21,2026-09,Non,2026-09-07
348,Full Stack Developer - Lovable & Supabase,Hire Fellows,Non classifié,Tunis,Non précisé,LinkedIn,2026-09-21,2026-09,Non,2026-09-03
349,Développeur Senior Angular,Devoteam,Non classifié,Tunis,Non précisé,LinkedIn,2026-09-21,2026-09,Non,2026-09-02
350,Senior Backend Developer - Node.js & Camunda,BlackStone eIT,Non classifié,Tunis,Non précisé,LinkedIn,2026-09-21,2026-09,Non,2026-09-10
351,Ingénieur.e Développement ASP.NET,Sagemcom,Non classifié,Tunis,Non précisé,LinkedIn,2026-09-21,2026-09,Non,2026-09-14
352,Développeur .NET ( ),INGELINE TECHNOLOGIES,Non classifié,Tunis,Non précisé,LinkedIn,2026-09-21,2026-09,Non,2026-08-28
353,Senior Développeur Back-End JAVA 17 ou plus,Devoteam,Non classifié,Tunis,Non précisé,LinkedIn,2026-09-21,2026-09,Non,2026-09-11
354,Mobile Application Developer,Poslik,Non classifié,Tunis,Non précisé,LinkedIn,2026-09-21,2026-09,Non,2026-09-21
355,Senior Software Engineer,Harvest Group,Non classifié,Tunis,Non précisé,LinkedIn,2026-09-21,2026-09,Non,2026-09-15
356,Développeur Full Stack Senior,Be-Softilys Tunisie,Non classifié,Tunis,Non précisé,LinkedIn,2026-09-21,2026-09,Non,2026-09-04
357,Senior Frontend Developer,Oolab,Non classifié,Tunis,Non précisé,LinkedIn,2026-09-21,2026-09,Non,2026-09-01
358,Ingénieur Développement iOS Confirmé,Sofrecom Tunisie,Non classifié,Tunis,Non précisé,LinkedIn,2026-09-21,2026-09,Non,2026-09-18
359,Platform Engineer (Full-Stack Generalist),DXC Technology,Non classifié,Tunis,Non précisé,LinkedIn,2026-09-21,2026-09,Non,2026-09-12
360,C++ software Engineer,FIS,Non classifié,Tunis,Non précisé,LinkedIn,2026-09-21,2026-09,Non,2026-09-10
361,Senior Software Engineer,kShuttle,Non classifié,Tunis,Non précisé,LinkedIn,2026-09-21,2026-09,Non,2026-09-14
362,Senior Full-Stack Engineer (Frontend Lead),DXC Technology,Non classifié,Tunis,Non précisé,LinkedIn,2026-09-21,2026-09,Non,2026-09-12
363,DEVELOPPEUR DRUPAL,RED TIC,Non classifié,Tunis,Non précisé,LinkedIn,2026-09-21,2026-09,Non,2026-09-17
364,QA Automation Engineer / ISTQB Certified Tester,MICLA Engineering & Design,Non classifié,Tunis,Non précisé,LinkedIn,2026-09-21,2026-09,Non,2026-09-03
365,Consultant(e) Technique Dynamics CRM,CAFPI,Non classifié,Tunis,Non précisé,LinkedIn,2026-09-21,2026-09,Non,2026-09-06
366,Data Engineer (AWS),Capgemini Engineering,Non classifié,Tunis,Non précisé,LinkedIn,2026-09-21,2026-09,Non,2026-09-14
367,Tech lead Backend,Oolab,Non classifié,Tunis,Non précisé,LinkedIn,2026-09-21,2026-09,Non,2026-09-21
368,Senior Technical Architect,FNZ Group,Non classifié,Tunis,Non précisé,LinkedIn,2026-09-21,2026-09,Non,2026-09-09
369,AWS Data Engineer (IoT Data Platform),Scope Merge,Non classifié,Tunis,Non précisé,LinkedIn,2026-09-21,2026-09,Non,2026-09-16
370,Full Stack Developer,Growth Accelerator Services,Non classifié,Tunis,Non précisé,LinkedIn,2026-09-21,2026-09,Non,2026-08-23
371,Senior Data Engineer GCP,JEMS,Non classifié,Tunis,Non précisé,LinkedIn,2026-09-21,2026-09,Non,2026-09-21
372,HW Developer,TotalEnergies,Non classifié,Tunis,Non précisé,LinkedIn,2026-09-21,2026-09,Non,2026-09-05
373,Software Engineer in Test,ServicePower,Non classifié,Tunis,Non précisé,LinkedIn,2026-09-21,2026-09,Non,2026-09-16
374,Apprenticeship Program 2026: STM32CubeProgrammer Validation,STMicroelectronics,Non classifié,Tunis,Non précisé,LinkedIn,2026-09-21,2026-09,Non,2026-09-03
375,Ingénieur Data,Sofrecom Tunisie,Non classifié,Tunis,Non précisé,LinkedIn,2026-09-21,2026-09,Non,2026-09-18
376,Chargé d’études Mobilité / Data Science Tunis,SYSTRA,Non classifié,Tunis,Non précisé,LinkedIn,2026-09-21,2026-09,Non,2026-09-11
377,Apprenticeship Program 2026 : Embedded Software Intern,STMicroelectronics,Non classifié,Tunis,Non précisé,LinkedIn,2026-09-21,2026-09,Non,2026-09-09
378,Senior Data Scientist,Faurecia,Non classifié,Tunis,Non précisé,LinkedIn,2026-09-21,2026-09,Non,2026-09-18
379,RPA Developer Apprentice,Faurecia,Non classifié,Tunis,Non précisé,LinkedIn,2026-09-21,2026-09,Non,2026-08-27
380,Technical Lead C#,Inetum,Non classifié,Tunis,Non précisé,LinkedIn,2026-09-21,2026-09,Non,2026-09-10
381,Développeur·euse mobile Android — intermédiaire,Sidekick Interactive,Non classifié,Tunis,Non précisé,LinkedIn,2026-09-21,2026-09,Non,2026-09-08
382,Analyste de Données,Bontaz,Non classifié,Tunis,Non précisé,LinkedIn,2026-09-21,2026-09,Non,2026-09-14
383,Squad Lead Data Analytics,PwC Tunisia,Non classifié,Tunis,Non précisé,LinkedIn,2026-09-21,2026-09,Non,2026-09-02
384,BackEnd AI Developer,Marbill Technologies,Non classifié,Tunis,Non précisé,LinkedIn,2026-09-21,2026-09,Non,2026-09-08
385,Planisware consultant (IT),Planisware,Non classifié,Tunis,Non précisé,LinkedIn,2026-09-21,2026-09,Non,2026-09-07
386,Stagiaire Development Fullstack,IA INFINITY,Non classifié,Tunis,Non précisé,LinkedIn,2026-09-21,2026-09,Non,2026-09-21
387,Project Engineer Intern,Valeo,Non classifié,Tunis,Non précisé,LinkedIn,2026-09-21,2026-09,Non,2026-09-01
388,Stagiaire PFE Développeur Web WordPress / Elementor - Télétravail,Alirna,Non classifié,Tunis,Non précisé,LinkedIn,2026-09-21,2026-09,Non,2026-08-28
389,"Space Applications Expert, Earth Observation & Copernicus",NTU International A/S,Non classifié,Tunis,Non précisé,LinkedIn,2026-09-21,2026-09,Non,2026-09-16
390,Solution Architecture Senior Engineer,Autoliv,Non classifié,Tunis,Non précisé,LinkedIn,2026-09-21,2026-09,Non,2026-09-04
391,Data Science,Marbill Technologies,Non classifié,Tunis,Non précisé,LinkedIn,2026-09-21,2026-09,Non,2026-09-18
392,Corporate SAP S/4HANA Specialist (EWM/SD/EDI),COFICAB Group,Non classifié,Tunis,Non précisé,LinkedIn,2026-09-21,2026-09,Non,2026-09-01
393,SAP MM Consultant,Karens,Non classifié,Tunis,Non précisé,LinkedIn,2026-09-21,2026-09,Non,2026-09-05
394,Consultant SAP FICO Senior,VEO Worldwide Services,Non classifié,Tunis,Non précisé,LinkedIn,2026-09-21,2026-09,Non,2026-09-17
395,Lead Expert Finance Automation & RPA,LEONI TUNISIA,Non classifié,Tunis,Non précisé,LinkedIn,2026-09-21,2026-09,Non,2026-09-12
396,Consultant SAP FICO senior,VEO Worldwide Services,Non classifié,Tunis,Non précisé,LinkedIn,2026-09-21,2026-09,Non,2026-08-31
397,"MBSE Engineer (Ingénieur Electrique, Electronique...)",SEGULA Technologies,Non classifié,Tunis,Non précisé,LinkedIn,2026-09-21,2026-09,Non,2026-09-13
398,Manager Data & IA,PwC Tunisia,Non classifié,Tunis,Non précisé,LinkedIn,2026-09-21,2026-09,Non,2026-09-02
399,Senior Migration Consultant,ADP,Non classifié,Tunis,Non précisé,LinkedIn,2026-09-21,2026-09,Non,2026-09-17
400,Product Development Engineer,Enovis,Non classifié,Tunis,Non précisé,LinkedIn,2026-09-21,2026-09,Non,2026-09-08
401,RPA System Administrator,TUI,Non classifié,Sousse,Non précisé,LinkedIn,2026-09-21,2026-09,Non,2026-09-01
402,Coating NPI Engineer,Pursuit Aerospace,Non classifié,Tunis,Non précisé,LinkedIn,2026-09-21,2026-09,Non,2026-09-15
403,Consultant fonctionnel Salesforce (Confirmé / Senior),KPMG Tunisia,Non classifié,Tunis,Non précisé,LinkedIn,2026-09-21,2026-09,Non,2026-09-12
404,Analyste Développeur,Orisha,Non classifié,Tunis,Non précisé,LinkedIn,2026-09-21,2026-09,Non,2026-09-02
405,Expert PostgreSQL -,Orisha,Non classifié,Tunis,Non précisé,LinkedIn,2026-09-21,2026-09,Non,2026-08-26
406,Senior Platform Engineer (Backend Lead),DXC Technology,Non classifié,Tunis,Non précisé,LinkedIn,2026-09-21,2026-09,Non,2026-09-12
407,Data / Integration Engineer,DXC Technology,Non classifié,Tunis,Non précisé,LinkedIn,2026-09-21,2026-09,Non,2026-09-12
408,Data Engineer,Devoteam,Non classifié,Tunis,Non précisé,LinkedIn,2026-09-21,2026-09,Non,2026-09-18
409,Senior Fullstack Engineer (remote | full-time | long-term),DeepMetis® GmbH,Non classifié,Tunis,Non précisé,LinkedIn,2026-09-21,2026-09,Non,2026-09-07
410,Apprenticeship Program 2026 : STM32CubeMX Development Intern,STMicroelectronics,Non classifié,Tunis,Non précisé,LinkedIn,2026-09-21,2026-09,Non,2026-09-11
411,Senior Java & Angular FullStack Developer - Relocation to Portugal,Aubay Portugal,Non classifié,Tunis,Non précisé,LinkedIn,2026-09-21,2026-09,Non,2026-09-15
412,Product Tooling & Documentation Intern (6‑month project),Medius,Non classifié,Tunis,Non précisé,LinkedIn,2026-09-21,2026-09,Non,2026-09-19
413,Ingénieur d'Application Surgery,GE HealthCare,Non classifié,Tunis,Non précisé,LinkedIn,2026-09-21,2026-09,Non,2026-09-15
414,Product Tooling & Documentation Intern (6‑month project),Medius Benelux,Non classifié,Tunis,Non précisé,LinkedIn,2026-09-21,2026-09,Non,2026-08-29
415,Software Engineer (Native SDKs),Storyteller,Non classifié,Tunis,Non précisé,LinkedIn,2026-09-21,2026-09,Non,2026-09-18
416,SAP AI Technical Consultant,DXC Technology,Non classifié,Tunis,Non précisé,LinkedIn,2026-09-21,2026-09,Non,2026-09-16
417,Senior ServiceNow Developer,DXC Technology,Non classifié,Tunis,Non précisé,LinkedIn,2026-09-21,2026-09,Non,2026-09-02
418,Apprenticeship Program 2026 : EMEA Application Support Intern,STMicroelectronics,Non classifié,Tunis,Non précisé,LinkedIn,2026-09-21,2026-09,Non,2026-09-17
419,Apprenticeship Program 2026: STM32 Community: Customer Support & Content Creation Intern,STMicroelectronics,Non classifié,Tunis,Non précisé,LinkedIn,2026-09-21,2026-09,Non,2026-09-18
420,Senior DevOps Engineer,ITRS,Non classifié,Tunis,Non précisé,LinkedIn,2026-09-21,2026-09,Non,2026-09-09
421,DevOps / Cloud Infrastructure Engineer,DXC Technology,Non classifié,Tunis,Non précisé,LinkedIn,2026-09-21,2026-09,Non,2026-09-12
422,Senior SysOps/DevOps Engineer,TunisieJob,Non classifié,Tunis,Non précisé,LinkedIn,2026-09-21,2026-09,Non,2026-09-17
423,DevOps Architect (AWS),Linedata,Non classifié,Tunis,Non précisé,LinkedIn,2026-09-21,2026-09,Non,2026-09-12
424,Windows infrastructure Automation & Infrastructure as Code (IaC) Engineer,ODDO BHF,Non classifié,Tunis,Non précisé,LinkedIn,2026-09-21,2026-09,Non,2026-09-17
425,AI / ML Engineer (Agent Developer),DXC Technology,Non classifié,Tunis,Non précisé,LinkedIn,2026-09-21,2026-09,Non,2026-09-12
426,Ingénieur Performance & Observabilité (Dynatrace),Devoteam,Non classifié,Tunis,Non précisé,LinkedIn,2026-09-21,2026-09,Non,2026-09-12
427,Tech Lead Senior GCP,DATABIZ,Non classifié,Tunis,Non précisé,LinkedIn,2026-09-21,2026-09,Non,2026-09-18
428,Cloud Infrastructure Project Manager - Group,Orisha,Non classifié,Tunis,Non précisé,LinkedIn,2026-09-21,2026-09,Non,2026-09-07
429,Cloud Infrastructure Project Manager,Orisha,Non classifié,Tunis,Non précisé,LinkedIn,2026-09-21,2026-09,Non,2026-08-31
430,Managed Service Analyst Lead,FIS,Non classifié,Tunis,Non précisé,LinkedIn,2026-09-21,2026-09,Non,2026-09-17
431,"INGÉNIEUR TRANSFORMATION DIGITALE, IA & SYSTÈMES D'INFORMATION - MID SENIOR - POSTE EN FRANCAIS",TunisieJob,Non classifié,Tunis,Non précisé,LinkedIn,2026-09-21,2026-09,Non,2026-09-17
432,SPECIALIST IT OPERATIONS,RED TIC,Non classifié,Tunis,Non précisé,LinkedIn,2026-09-21,2026-09,Non,2026-08-26
433,Senior Quality Assurance Automation Engineer,TLScontact,Non classifié,Tunis,Non précisé,LinkedIn,2026-09-21,2026-09,Non,2026-09-21
434,INGENIEUR OPS JUNIOR (IT),RED TIC,Non classifié,Tunis,Non précisé,LinkedIn,2026-09-21,2026-09,Non,2026-09-11
435,Delivery Manager,JEMS,Non classifié,Tunis,Non précisé,LinkedIn,2026-09-21,2026-09,Non,2026-09-21
436,Administrateur informatique/Administratrice informatique,AKWEL,Non classifié,Tunis,Non précisé,LinkedIn,2026-09-21,2026-09,Non,2026-09-02
437,IT Supervisor,Hilton,Non classifié,Tunis,Non précisé,LinkedIn,2026-09-21,2026-09,Non,2026-09-11
438,Chef de Projet Technique,DECADE,Non classifié,Tunis,Non précisé,LinkedIn,2026-09-21,2026-09,Non,2026-09-11
439,IT Architect Entreprise,MS Solutions Group,Non classifié,Tunis,Non précisé,LinkedIn,2026-09-21,2026-09,Non,2026-09-21
440,Engineering Manager,ServicePower,Non classifié,Tunis,Non précisé,LinkedIn,2026-09-21,2026-09,Non,2026-09-16
441,Administrateur Jira & Confluence Cloud – Migration Lead,NeoXam,Non classifié,Tunis,Non précisé,LinkedIn,2026-09-21,2026-09,Non,2026-09-12
442,Head of IT Operations On-Site - DRÄXLMAIER Siliana,DRÄXLMAIER Group,Non classifié,Tunis,Non précisé,LinkedIn,2026-09-21,2026-09,Non,2026-09-07
443,Digital Application Support Manager,TotalEnergies,Non classifié,Tunis,Non précisé,LinkedIn,2026-09-21,2026-09,Non,2026-09-08
444,IT Inhouse Consultant ServiceNow (x|f|m),Sartorius,Non classifié,Tunis,Non précisé,LinkedIn,2026-09-21,2026-09,Non,2026-09-21
445,Senior IT & System Administrator,ITRS,Non classifié,Tunis,Non précisé,LinkedIn,2026-09-21,2026-09,Non,2026-08-26
446,Manager Tests Logiciels (Automatisation et Tests Manuels),PwC Tunisia,Non classifié,Tunis,Non précisé,LinkedIn,2026-09-21,2026-09,Non,2026-09-07
447,Administrateur applications collaboratives,TunisieJob,Non classifié,Tunis,Non précisé,LinkedIn,2026-09-21,2026-09,Non,2026-09-17
448,Consultant.e Atlassian,Devoteam,Non classifié,Tunis,Non précisé,LinkedIn,2026-09-21,2026-09,Non,2026-09-10
449,Ingénieur Exploitation & Flux Applicatifs,Linedata,Non classifié,Tunis,Non précisé,LinkedIn,2026-09-21,2026-09,Non,2026-09-13
450,Data Architect,Devoteam,Non classifié,Tunis,Non précisé,LinkedIn,2026-09-21,2026-09,Non,2026-09-16
451,WEB DEVELOPER,RED TIC,Non classifié,Tunis,Non précisé,LinkedIn,2026-09-21,2026-09,Non,2026-09-11
452,AI-First Product Designer,Storm Ideas,Non classifié,Tunis,Non précisé,LinkedIn,2026-09-21,2026-09,Non,2026-09-17
453,Analyste de Données BI,Bontaz Tunisie,Non classifié,Tunis,Non précisé,LinkedIn,2026-09-21,2026-09,Non,2026-09-14
454,Cybersecurity Research Intern – Offensive Security & ClamAV Evasion,Yalen,Non classifié,Tunis,Non précisé,LinkedIn,2026-09-21,2026-09,Non,2026-09-21
455,Consultant.e SAP PM,Karens,Non classifié,Tunis,Non précisé,LinkedIn,2026-09-21,2026-09,Non,2026-09-05
456,Ingénieur support/Ingénieure support,Oolab,Non classifié,Tunis,Non précisé,LinkedIn,2026-09-21,2026-09,Non,2026-09-01
457,Senior SAP VIM / OpenText BCC Consultant,DXC Technology,Non classifié,Tunis,Non précisé,LinkedIn,2026-09-21,2026-09,Non,2026-09-16
458,Data Scientist/ML Engineer,Linedata,Non classifié,Tunis,Non précisé,LinkedIn,2026-09-21,2026-09,Non,2026-09-10
459,DATA ENGINEER CONFIRME (IT),RED TIC,Non classifié,Tunis,Non précisé,LinkedIn,2026-09-21,2026-09,Non,2026-08-29
460,SAP QM Senior Consultant,Growth Accelerator Services,Non classifié,Tunis,Non précisé,LinkedIn,2026-09-21,2026-09,Non,2026-08-29
461,Consultant MOA,Linedata,Non classifié,Tunis,Non précisé,LinkedIn,2026-09-21,2026-09,Non,2026-09-21
462,Data Consultant,Devoteam,Non classifié,Tunis,Non précisé,LinkedIn,2026-09-21,2026-09,Non,2026-09-09
463,DATA SCIENTIST,RED TIC,Non classifié,Tunis,Non précisé,LinkedIn,2026-09-21,2026-09,Non,2026-08-29
464,Senior Data Scientist,Devoteam,Non classifié,Tunis,Non précisé,LinkedIn,2026-09-21,2026-09,Non,2026-09-16
465,Testeur logiciel Senior,PwC Tunisia,Non classifié,Tunis,Non précisé,LinkedIn,2026-09-21,2026-09,Non,2026-08-31
466,COMPLIANCE DATA AND ANALYTICS EXPERT,ODDO BHF,Non classifié,Tunis,Non précisé,LinkedIn,2026-09-21,2026-09,Non,2026-09-15
467,Spécialiste Validation des Systèmes Informatisés (Computerized Systems Validation Specialist - CSV),Recordati,Non classifié,Tunis,Non précisé,LinkedIn,2026-09-21,2026-09,Non,2026-09-15
468,CYBERSECURITY ANALYST,RED TIC,Non classifié,Tunis,Non précisé,LinkedIn,2026-09-21,2026-09,Non,2026-09-02
469,Apprenticeship Program 2026 : Silicon Characterization LAB Intern,STMicroelectronics,Non classifié,Tunis,Non précisé,LinkedIn,2026-09-21,2026-09,Non,2026-09-17
470,Techno Commercial Manager RAN EMEA,Ericsson,Non classifié,Tunis,Non précisé,LinkedIn,2026-09-21,2026-09,Non,2026-09-09
471,Référent technique Wi Fi embarqué,Inetum,Non classifié,Tunis,Non précisé,LinkedIn,2026-09-21,2026-09,Non,2026-09-18
472,Techno Commercial Manager RAN CU ENA,Ericsson,Non classifié,Tunis,Non précisé,LinkedIn,2026-09-21,2026-09,Non,2026-09-08
473,Ingénieur Développement Tests,Socomec Group,Non classifié,Tunis,Non précisé,LinkedIn,2026-09-21,2026-09,Non,2026-09-14
474,"Solution Engineer, Microsoft Ecosystem Solutions",RidgePoint,Non classifié,Tunis,Non précisé,LinkedIn,2026-09-21,2026-09,Non,2026-09-21
475,AI Product Manager,Yassir,Non classifié,Tunis,Non précisé,LinkedIn,2026-09-21,2026-09,Non,2026-08-26
476,Customers & Suppliers Data Assistant,Clayens,Non classifié,Tunis,Non précisé,LinkedIn,2026-09-21,2026-09,Non,2026-09-21
477,"Monitoring, Evaluation and Learning Expert",NTU International A/S,Non classifié,Tunis,Non précisé,LinkedIn,2026-09-21,2026-09,Non,2026-09-11
478,Lead Data Architect -,Orisha,Non classifié,Tunis,Non précisé,LinkedIn,2026-09-21,2026-09,Non,2026-08-26
479,"Space Applications Expert, Satellite Navigation & Connectivity",NTU International A/S,Non classifié,Tunis,Non précisé,LinkedIn,2026-09-21,2026-09,Non,2026-09-21
480,Product Technical Support Analyst,FIS,Non classifié,Tunis,Non précisé,LinkedIn,2026-09-21,2026-09,Non,2026-09-07
481,PLC Specialist,Valeo,Non classifié,Tunis,Non précisé,LinkedIn,2026-09-21,2026-09,Non,2026-09-03
482,Product Design & Innovation Analyst,Amcor,Non classifié,Tunis,Non précisé,LinkedIn,2026-09-21,2026-09,Non,2026-09-14
483,Contrôleur de gestion/Contrôleuse de gestion,Ooredoo Tunisie,Non classifié,Tunis,Non précisé,LinkedIn,2026-09-21,2026-09,Non,2026-09-11
484,Auditeur IT Senior,Forvis Mazars en Tunisie,Non classifié,Tunis,Non précisé,LinkedIn,2026-09-21,2026-09,Non,2026-09-09
485,Trading Consultant,Murex,Non classifié,Tunis,Non précisé,LinkedIn,2026-09-21,2026-09,Non,2026-09-18
486,Committee Planner IT,VEO Worldwide Services,Non classifié,Tunis,Non précisé,LinkedIn,2026-09-21,2026-09,Non,2026-08-28
487,Specialist Performance Controller,LEONI TUNISIA,Non classifié,Tunis,Non précisé,LinkedIn,2026-09-21,2026-09,Non,2026-09-11
488,Senior Product Owner,Faurecia,Non classifié,Tunis,Non précisé,LinkedIn,2026-09-21,2026-09,Non,2026-09-17
489,Customer Success Manager,Infor,Non classifié,Tunis,Non précisé,LinkedIn,2026-09-21,2026-09,Non,2026-09-15
490,Business Analyst,DEF,Non classifié,Tunis,Non précisé,LinkedIn,2026-09-21,2026-09,Non,2026-08-24
491,Finance Manager,Syntys,Non classifié,Tunis,Non précisé,LinkedIn,2026-09-21,2026-09,Non,2026-08-25
492,MarTech Lead,ITRS,Non classifié,Tunis,Non précisé,LinkedIn,2026-09-21,2026-09,Non,2026-09-04
493,"Knowledge Associate, GMA",UL Solutions,Non classifié,Tunis,Non précisé,LinkedIn,2026-09-21,2026-09,Non,2026-09-13
494,"Knowledge Specialist, GMA",UL Solutions,Non classifié,Tunis,Non précisé,LinkedIn,2026-09-21,2026-09,Non,2026-09-03
495,Delivery Project Manager Associate,Vneuron Risk & Compliance,Non classifié,Tunis,Non précisé,LinkedIn,2026-09-21,2026-09,Non,2026-08-24
496,Fishery Specialist,FAO,Non classifié,Tunis,Non précisé,LinkedIn,2026-09-21,2026-09,Non,2026-09-11
497,Technical Support Specialist (T1),Web Hosting Canada,Non classifié,Tunis,Non précisé,LinkedIn,2026-09-21,2026-09,Non,2026-09-04
498,Technicien en opération graphique,Eneria,Non classifié,Tunis,Non précisé,LinkedIn,2026-09-21,2026-09,Non,2026-09-21
499,Java Trainer,Gates Training Center,Non classifié,Tunis,Non précisé,LinkedIn,2026-09-21,2026-09,Non,2026-09-21
500,Analyste Qualité Junior,Linedata,Non classifié,Tunis,Non précisé,LinkedIn,2026-09-21,2026-09,Non,2026-09-11
501,Quality Assurance Specialist,TLScontact,Non classifié,Tunis,Non précisé,LinkedIn,2026-09-21,2026-09,Non,2026-09-21
502,Consultant(e) Expérimenté(e) AMOA Transformation & Technologie,Deloitte,Non classifié,Tunis,Non précisé,LinkedIn,2026-09-21,2026-09,Non,2026-09-20
503,Product Owner junior,Faurecia,Non classifié,Tunis,Non précisé,LinkedIn,2026-09-21,2026-09,Non,2026-09-07
504,SAP JIT Consultant,LEONI TUNISIA,Non classifié,Tunis,Non précisé,LinkedIn,2026-09-21,2026-09,Non,2026-09-10
505,Mobile Software Engineer (iOS/Android SDK),Storyteller,Non classifié,Tunis,Non précisé,LinkedIn,2026-09-21,2026-09,Non,2026-09-18
506,Migration Consultant,ADP,Non classifié,Tunis,Non précisé,LinkedIn,2026-09-21,2026-09,Non,2026-09-17
507,Consultant Cybersécurité GRC,Forvis Mazars en Tunisie,Non classifié,Tunis,Non précisé,LinkedIn,2026-09-21,2026-09,Non,2026-09-07
508,Digital Product Manager,Brainlake,Non classifié,Tunis,Non précisé,LinkedIn,2026-09-21,2026-09,Non,2026-09-18
509,Quality Assurance Team Lead,Casco Automotive Group - An Amphenol Company,Non classifié,Tunis,Non précisé,LinkedIn,2026-09-21,2026-09,Non,2026-09-17
510,B2B Senior Project Manager,Ooredoo Tunisie,Non classifié,Tunis,Non précisé,LinkedIn,2026-09-21,2026-09,Non,2026-09-04
511,Ingénieur Test et validation en CND (CIVP),TunisieJob,Non classifié,Tunis,Non précisé,LinkedIn,2026-09-21,2026-09,Non,2026-09-17
512,Analyste Fonctionnel ERP,TunisieJob,Non classifié,Tunis,Non précisé,LinkedIn,2026-09-21,2026-09,Non,2026-09-17
513,Apprenticeship Program 2026 : Quality Assurance Intern,STMicroelectronics,Non classifié,Tunis,Non précisé,LinkedIn,2026-09-21,2026-09,Non,2026-09-09
514,Product Support Specialist,ServicePower,Non classifié,Tunis,Non précisé,LinkedIn,2026-09-21,2026-09,Non,2026-09-21
515,Application Engineer,SHINING 3D,Non classifié,Tunis,Non précisé,LinkedIn,2026-09-21,2026-09,Non,2026-09-14
516,Power BI Consultant,Growth Accelerator Services,Non classifié,Tunis,Non précisé,LinkedIn,2026-09-21,2026-09,Non,2026-08-23
517,Regulatory Specialist,Elanco,Non classifié,Tunis,Non précisé,LinkedIn,2026-09-21,2026-09,Non,2026-09-15
518,Customer Success Manager,Sika,Non classifié,Tunis,Non précisé,LinkedIn,2026-09-21,2026-09,Non,2026-09-14
519,Chargé(e) de la Formation,SFBT,Non classifié,Tunis,CDI,keejob,2026-09-22,2026-09,Oui,2026-09-22
520,Chargé(e) d'Achats,FATALES,Non classifié,Tunis,CDI,keejob,2026-09-22,2026-09,Oui,2026-09-22
521,Responsable Achat et Approvisionnement,,Non classifié,"Bir Mcherga,
                                     ",Non précisé,keejob,2026-09-22,2026-09,Oui,2026-09-22
522,Chargé RH,INTELCIA,Non classifié,Acteur Majeur Sur Le Marché De La Gestion De La Re,CDI,keejob,2026-09-22,2026-09,Oui,2026-09-22
523,Contrôleur de gestion industriel,SOTUBI,Non classifié,Manouba,CDI,keejob,2026-09-22,2026-09,Oui,2026-09-22
524,Monastir-Commerciaux terrain en Microfinance,ADVANS TUNISIE_INSTITUTION DE MICROFINANCE,Non classifié,Tunis,CDI,keejob,2026-09-22,2026-09,Oui,2026-09-22
525,Chargé(e) Clientèle Mobile_Kairouan,ADVANS TUNISIE_INSTITUTION DE MICROFINANCE,Non classifié,Tunis,Non précisé,keejob,2026-09-22,2026-09,Oui,2026-09-22
527,Sfax 2-Commerciaux terrain en Microfinance,ADVANS TUNISIE_INSTITUTION DE MICROFINANCE,Non classifié,Tunis,CDI,keejob,2026-09-22,2026-09,Oui,2026-09-22
528,Vendeur/ Caissier Stradivarius Mall of Sousse,TUNTEX,Non classifié,"Pour Accompagner Son Développement, Le Groupe Indi",Non précisé,keejob,2026-09-22,2026-09,Oui,2026-09-22
529,Vendeur/ Caissier Lefties Mall of Sousse,TUNTEX,Non classifié,"Pour Accompagner Son Développement, Le Groupe Indi",Non précisé,keejob,2026-09-22,2026-09,Oui,2026-09-22
530,Responsable de production,,Non classifié,"Bir Mcherga,
                                     ",Non précisé,keejob,2026-09-22,2026-09,Oui,2026-09-22
531,Vendeur/ Caissier LCW Mall of Sousse,TUNTEX,Non classifié,"Pour Accompagner Son Développement, Le Groupe Indi",Non précisé,keejob,2026-09-22,2026-09,Oui,2026-09-22
532,Coordinateur(trice) RH,STRAM GROUP,Non classifié,Tunis,CDI,keejob,2026-09-22,2026-09,Oui,2026-09-22
533,Vendeur/ Caissier Stradivarius manar city,TUNTEX,Non classifié,"Pour Accompagner Son Développement, Le Groupe Indi",Non précisé,keejob,2026-09-22,2026-09,Oui,2026-09-22
543,Gourmandise recrute :Plusieurs Profils,GOURMANDISE,Non classifié,Tunis,CDI,keejob,2026-09-22,2026-09,Oui,2026-09-22
534,Assistant en éducation,GROUPE SCOLAIRE RENE DESCARTES,Non classifié,Tunis,CDI,keejob,2026-09-22,2026-09,Oui,2026-09-22
535,Technicien Maintenance,GOURMANDISE,Non classifié,Sfax,CDD,keejob,2026-09-22,2026-09,Oui,2026-09-22
536,Chargé(e) de collecte de dons,ACTIVE CONTACT,Non classifié,Tunis,CDI,keejob,2026-09-22,2026-09,Oui,2026-09-22
537,Conseillers Commerciaux en Réception d'Appel,ACTIVE CONTACT,Non classifié,Tunis,CDI,keejob,2026-09-22,2026-09,Oui,2026-09-22
538,Chargé(e) Clientèle Mobile_Ariana,ADVANS TUNISIE_INSTITUTION DE MICROFINANCE,Non classifié,Tunis,Non précisé,keejob,2026-09-22,2026-09,Oui,2026-09-22
539,Intilaka-Commerciaux terrain en Microfinance,ADVANS TUNISIE_INSTITUTION DE MICROFINANCE,Non classifié,Tunis,CDI,keejob,2026-09-22,2026-09,Oui,2026-09-22
540,Vendeur/ Caissier Oysho Tunisia Mall,TUNTEX,Non classifié,"Pour Accompagner Son Développement, Le Groupe Indi",Non précisé,keejob,2026-09-22,2026-09,Oui,2026-09-22
541,Téléconseillers Commerciaux,ACTIVE CONTACT,Non classifié,Tunis,CDI,keejob,2026-09-22,2026-09,Oui,2026-09-22
542,H-Lif-Commerciaux terrain en Microfinance,ADVANS TUNISIE_INSTITUTION DE MICROFINANCE,Non classifié,Tunis,Non précisé,keejob,2026-09-22,2026-09,Oui,2026-09-22
544,Responsable Expérience Client,AZIZA,Non classifié,Tunis,CDI,keejob,2026-09-22,2026-09,Oui,2026-09-22
545,Psychologue SOS Mahres,SOS VILLAGE D'ENFANTS,Non classifié,Sfax,CDI,keejob,2026-09-22,2026-09,Oui,2026-09-22
546,Senior ingénieur Full Stack,MOONSIDE CONSULTING & SERVICES,Non classifié,Ariana,CDI,keejob,2026-09-22,2026-09,Oui,2026-09-22
547,Responsable Engagement client,,Non classifié,Nabeul,CDI,keejob,2026-09-22,2026-09,Oui,2026-09-22
548,Responsable facturation,,Non classifié,Nabeul,CDI,keejob,2026-09-22,2026-09,Oui,2026-09-22
549,Chef de Projet,,Non classifié,"Cite El Khadra,
                                  ",CDI,keejob,2026-09-22,2026-09,Oui,2026-09-22
550,Chargé(e) Développement RH expérimenté(e),ADVANS TUNISIE_INSTITUTION DE MICROFINANCE,Non classifié,Tunis,Non précisé,keejob,2026-09-22,2026-09,Oui,2026-09-22
579,Auditeur des systèmes d'information expérimenté -,PwC,Non classifié,Tunis,Non précisé,LinkedIn,2026-09-22,2026-09,Non,2026-09-13
580,Data&AI Consultant,DXC Technology,Non classifié,Tunis,Non précisé,LinkedIn,2026-09-22,2026-09,Non,2026-09-07
551,Kairouan-Commerciaux terrain en Microfinance,ADVANS TUNISIE_INSTITUTION DE MICROFINANCE,Non classifié,Tunis,Non précisé,keejob,2026-09-22,2026-09,Oui,2026-09-22
552,Gafsa-Commerciaux terrain en Microfinance,ADVANS TUNISIE_INSTITUTION DE MICROFINANCE,Non classifié,Tunis,Non précisé,keejob,2026-09-22,2026-09,Oui,2026-09-22
553,Mateur-Commerciaux terrain en Microfinance,ADVANS TUNISIE_INSTITUTION DE MICROFINANCE,Non classifié,Tunis,Non précisé,keejob,2026-09-22,2026-09,Oui,2026-09-22
554,Le Kef-Commerciaux terrain en Microfinance,ADVANS TUNISIE_INSTITUTION DE MICROFINANCE,Non classifié,Tunis,Non précisé,keejob,2026-09-22,2026-09,Oui,2026-09-22
555,Zaghouan-Commerciaux terrain en Microfinance,ADVANS TUNISIE_INSTITUTION DE MICROFINANCE,Non classifié,Tunis,Non précisé,keejob,2026-09-22,2026-09,Oui,2026-09-22
556,Béja-Commerciaux terrain en Microfinance,ADVANS TUNISIE_INSTITUTION DE MICROFINANCE,Non classifié,Tunis,CDI,keejob,2026-09-22,2026-09,Oui,2026-09-22
557,Regueb-Commerciaux terrain en Microfinance,ADVANS TUNISIE_INSTITUTION DE MICROFINANCE,Non classifié,Tunis,CDI,keejob,2026-09-22,2026-09,Oui,2026-09-22
558,Gabes-Commerciaux terrain en Microfinance,ADVANS TUNISIE_INSTITUTION DE MICROFINANCE,Non classifié,Tunis,CDI,keejob,2026-09-22,2026-09,Oui,2026-09-22
559,Menzel Temime-Commerciaux terrain,ADVANS TUNISIE_INSTITUTION DE MICROFINANCE,Non classifié,Tunis,CDI,keejob,2026-09-22,2026-09,Oui,2026-09-22
560,Nabeul-Commerciaux terrain en Microfinance,ADVANS TUNISIE_INSTITUTION DE MICROFINANCE,Non classifié,Tunis,CDI,keejob,2026-09-22,2026-09,Oui,2026-09-22
561,Hammam Sousse-Commerciaux terrain,ADVANS TUNISIE_INSTITUTION DE MICROFINANCE,Non classifié,Tunis,CDI,keejob,2026-09-22,2026-09,Oui,2026-09-22
562,Sfax-Commerciaux terrain en Microfinance,ADVANS TUNISIE_INSTITUTION DE MICROFINANCE,Non classifié,Tunis,CDI,keejob,2026-09-22,2026-09,Oui,2026-09-22
563,Sidi Bouzid-Commerciaux terrain-Microfinance,ADVANS TUNISIE_INSTITUTION DE MICROFINANCE,Non classifié,Tunis,CDI,keejob,2026-09-22,2026-09,Oui,2026-09-22
564,Sousse-Commerciaux terrain en Microfinance,ADVANS TUNISIE_INSTITUTION DE MICROFINANCE,Non classifié,Tunis,CDI,keejob,2026-09-22,2026-09,Oui,2026-09-22
565,Bizerte - Commerciaux terrain en Microfinance,ADVANS TUNISIE_INSTITUTION DE MICROFINANCE,Non classifié,Tunis,CDI,keejob,2026-09-22,2026-09,Oui,2026-09-22
566,Chauffeur de Poids Lourd (N),SOTUCHOC,Non classifié,Tunis,CDI,keejob,2026-09-22,2026-09,Oui,2026-09-22
567,Analyste Physico-chimie (Poste de nuit),LABORATOIRE THERA,Non classifié,Tunis,Non précisé,keejob,2026-09-22,2026-09,Oui,2026-09-22
568,cadre financier,SOTUBI,Non classifié,Ben Arous,CDI,keejob,2026-09-22,2026-09,Oui,2026-09-22
569,Chargé Transit,LABORATOIRE THERA,Non classifié,Tunis,Non précisé,keejob,2026-09-22,2026-09,Oui,2026-09-22
570,Chargé(e) Ordonnancement et paie Carthago sa,CARTHAGO SANITAIRE,Non classifié,Non précisé,CDI,keejob,2026-09-22,2026-09,Oui,2026-09-22
571,Mid-Level Full Stack Developer (React / FastAPI),FairConnect INC.,Non classifié,Tunis,Non précisé,LinkedIn,2026-09-22,2026-09,Non,2026-09-22
572,AI Engineer / AI Instructor,Empire Training,Non classifié,Tunis,Non précisé,LinkedIn,2026-09-22,2026-09,Non,2026-09-22
573,Ingénieur Support Applicatif / Technique,Devoteam,Non classifié,Tunis,Non précisé,LinkedIn,2026-09-22,2026-09,Non,2026-09-15
574,Apprenticeship Program 2026 : STM32 HW/SW Application Intern,STMicroelectronics,Non classifié,Tunis,Non précisé,LinkedIn,2026-09-22,2026-09,Non,2026-09-11
575,Consultant test et recette en finance,TunisieJob,Non classifié,Tunis,Non précisé,LinkedIn,2026-09-22,2026-09,Non,2026-09-17
576,Ingénieur Supply Chain - Planificateur,Bontaz Tunisie,Non classifié,Tunis,Non précisé,LinkedIn,2026-09-22,2026-09,Non,2026-09-22
577,Elevate Functional Advisor,Medius,Non classifié,Tunis,Non précisé,LinkedIn,2026-09-22,2026-09,Non,2026-09-03
578,Planificateur de Production,HALLAB CONSULTING COMPANY,Non classifié,Tunis,Non précisé,LinkedIn,2026-09-22,2026-09,Non,2026-09-04
581,Apprenticeship Program 2026 :Silicon Characterization LAB Intern,STMicroelectronics,Non classifié,Tunis,Non précisé,LinkedIn,2026-09-22,2026-09,Non,2026-09-17
582,Data Quality Engineer,Devoteam,Non classifié,Tunis,Non précisé,LinkedIn,2026-09-22,2026-09,Non,2026-09-12
583,Analyste Fonctionnel ERP - Comptabilité,TunisieJob,Non classifié,Tunis,Non précisé,LinkedIn,2026-09-22,2026-09,Non,2026-09-17
584,Technicien support N,SEPTEO,Non classifié,Tunis,Non précisé,LinkedIn,2026-09-22,2026-09,Non,2026-09-09
585,Motion Designer / Animateur(trice) 2D — After Effects,Kalimo,Non classifié,Tunis,Non précisé,LinkedIn,2026-09-22,2026-09,Non,2026-09-21
586,MR Clinical Expert North West Africa,GE HealthCare,Non classifié,Tunis,Non précisé,LinkedIn,2026-09-22,2026-09,Non,2026-09-09
587,GP opérations partielles,ADP,Non classifié,Tunis,Non précisé,LinkedIn,2026-09-22,2026-09,Non,2026-09-14
588,Project Specialist with French | Localisation & Content Production | Pharma,eStoreLabs,Non classifié,Tunis,Non précisé,LinkedIn,2026-09-22,2026-09,Non,2026-08-31
589,Traffic manager,SEPTEO,Non classifié,Tunis,Non précisé,LinkedIn,2026-09-22,2026-09,Non,2026-09-04
590,Customer Care & Design Specialist,TunUp_A Cimpress Company,Non classifié,Tunis,Non précisé,LinkedIn,2026-09-22,2026-09,Non,2026-09-06
591,Animateur(rice) Qualité,Hutchinson,Non classifié,Tunis,Non précisé,LinkedIn,2026-09-22,2026-09,Non,2026-09-04
592,Coordinator of Volunteers,SS Enterprises Manesar,Non classifié,Tunis,Non précisé,LinkedIn,2026-09-22,2026-09,Non,2026-09-16
593,Talent Acquisition Specialist,Groupe Plastivaloire,Non classifié,Tunis,Non précisé,LinkedIn,2026-09-22,2026-09,Non,2026-09-08
594,Voice/VoIP & MS Teams Voice Expert (x|f|m),Sartorius,Non classifié,Tunis,Non précisé,LinkedIn,2026-09-22,2026-09,Non,2026-09-17
595,TECHNICIEN EN MAINTENANCE ÉLECTRIQUE,,Non classifié,Non précisé,CDI,keejob,2026-09-22,2026-09,Oui,2026-09-22
596,Technicien supérieur_Bureau de méthodes,TUNISIE PROFILES ALUMINIUM,Non classifié,Tunis,CDI,keejob,2026-09-22,2026-09,Oui,2026-09-22
597,Technicien de Production,,Non classifié,Non précisé,CDI,keejob,2026-09-22,2026-09,Oui,2026-09-22
598,CONSEILLERS CLIENTS ANGLAIS,ALMAVIVA,Non classifié,Ariana,CDI,keejob,2026-09-22,2026-09,Oui,2026-09-22
599,Vendeur/ Caissier Bershka Mall of Sfax,TUNTEX,Non classifié,"Pour Accompagner Son Développement, Le Groupe Indi",Non précisé,keejob,2026-09-22,2026-09,Oui,2026-09-22
600,"TECHNICIEN MAINTENANCE (plomb., élec., froid)",,Non classifié,Tunis,CDI,keejob,2026-09-22,2026-09,Oui,2026-09-22
601,Senior Presales Engineer,BlackStone eIT,Non classifié,Tunis,Non précisé,LinkedIn,2026-09-22,2026-09,Non,2026-09-22
602,Chargée mission direction générale,MOMSOFT,Non classifié,Manouba,SIVP,keejob,2026-09-22,2026-09,Oui,2026-09-22
603,Conducteur Machine,IBN AL BAYTAR HIKMA,Non classifié,Ariana,CDI,keejob,2026-09-22,2026-09,Oui,2026-09-22
612,Technicien Sécurité et Accueil (Fejja),SOTUCHOC,Non classifié,Tunis,CDI,keejob,2026-09-22,2026-09,Oui,2026-09-22
613,Délégué médical,DAR ESSAYDALI,Non classifié,Sfax,Non précisé,keejob,2026-09-22,2026-09,Oui,2026-09-22
614,Responsable Traitement des eaux,EL MAZRAA,Non classifié,Nabeul,CDI,keejob,2026-09-22,2026-09,Oui,2026-09-22
604,Responsable achats et logistique,,Non classifié,Ben Arous,CDI,keejob,2026-09-22,2026-09,Oui,2026-09-22
605,Comptable,CARTHAGE 2S,Non classifié,Ariana,Non précisé,keejob,2026-09-22,2026-09,Oui,2026-09-22
606,Chargé RH Nuit EL MAZRAA,POULINA GROUP HOLDING,Non classifié,Tunis,CDI,keejob,2026-09-22,2026-09,Oui,2026-09-22
607,Conseiller Clientèle Bilingue (Fr&En),TRANSCOM,Non classifié,Tunis,CDI,keejob,2026-09-22,2026-09,Oui,2026-09-22
608,Ingénieur Validation,IBN AL BAYTAR HIKMA,Non classifié,Ariana,CDI,keejob,2026-09-22,2026-09,Oui,2026-09-22
609,opérateur magasin,CABLISYS TUNISIE,Non classifié,Tunis,CDI,keejob,2026-09-22,2026-09,Oui,2026-09-22
610,Stagiaire Développeur Full Stack,RESPONSIVE WEB SYSTEMS,Non classifié,Sousse,Non précisé,keejob,2026-09-22,2026-09,Oui,2026-09-22
611,Caissier Payeur,LEXY,Non classifié,Ben Arous,CDI,keejob,2026-09-22,2026-09,Oui,2026-09-22
639,Mobile Software Engineer (iOS/Android SDK),,Non classifié,Tunis,Non précisé,apify,2026-09-22,2026-09,Oui,2026-09-22
615,Contrôleur au presse,TUNISIE PROFILES ALUMINIUM,Non classifié,Tunis,CDI,keejob,2026-09-22,2026-09,Oui,2026-09-22
616,Régleur sur tour CN DMG CN SIEMENS,MANUFACTURING AERONAUTIC PARTS,Non classifié,"El Mourouj,
                                      ",CDI,keejob,2026-09-22,2026-09,Oui,2026-09-22
617,Chargés Clientèles,OWLIANCE TUNISIE,Non classifié,Ariana,CDI,keejob,2026-09-22,2026-09,Oui,2026-09-22
618,Commercial Export,LEXY,Non classifié,Ben Arous,CDI,keejob,2026-09-22,2026-09,Oui,2026-09-22
619,Freelance en Energie et Telco,HS PERSPECTIVES SOLUTIONS,Non classifié,Ariana,Non précisé,keejob,2026-09-22,2026-09,Oui,2026-09-22
620,TECHNICIEN AGROALIMENTAIRE,EL MAZRAA,Non classifié,Nabeul,CDI,keejob,2026-09-22,2026-09,Oui,2026-09-22
621,Responsable QHSE,CORENTIS CONSULTING GROUP,Non classifié,Tunis,CDI,keejob,2026-09-22,2026-09,Oui,2026-09-22
622,COMPTABLE,URBAN LOUNGE,Non classifié,Tunis,CDI,keejob,2026-09-22,2026-09,Oui,2026-09-22
640,Data Engineer (AWS),,Non classifié,Tunis,Non précisé,apify,2026-09-22,2026-09,Oui,2026-09-22
641,Software Engineer (Native SDKs),,Non classifié,Tunis,Non précisé,apify,2026-09-22,2026-09,Oui,2026-09-22
642,Data / Integration Engineer,,Non classifié,Tunis,Non précisé,apify,2026-09-22,2026-09,Oui,2026-09-22
643,Ingénieur Développement iOS Confirmé,,Non classifié,Tunis,Non précisé,apify,2026-09-22,2026-09,Oui,2026-09-22
623,Conseiller Clientèle (FR) - Secteur Fintech,TRANSCOM,Non classifié,Ariana,CDI,keejob,2026-09-22,2026-09,Oui,2026-09-22
624,Responsable du développement commercial,LABORATOIRES PROTIS,Non classifié,Tunis,CDI,keejob,2026-09-22,2026-09,Oui,2026-09-22
625,Technicien Agricole,GROUPE MABROUKA,Non classifié,Ben Arous,Non précisé,keejob,2026-09-22,2026-09,Oui,2026-09-22
626,ExeKutive,,Non classifié,Non précisé,Non précisé,ReKrute,2026-09-22,2026-09,Non,2026-09-22
627,Fullstack Developer,Oolab,Non classifié,Tunis,Non précisé,LinkedIn,2026-09-22,2026-09,Non,2026-09-22
628,Customer Success Manager (CSM) – AI Software Testing,Thunders,Non classifié,Tunis,Non précisé,LinkedIn,2026-09-22,2026-09,Non,2026-09-22
629,Dark Web Scraping & Intelligence Dashboard System (Docker Stack),,Non classifié,{},Non précisé,apify,2026-09-22,2026-09,Oui,2026-09-22
630,Développeur Junior - Nouveaux diplômés,,Non classifié,Tunis,Non précisé,apify,2026-09-22,2026-09,Oui,2026-09-22
631,Junior Embedded Software Engineer – Fresh Graduate,,Non classifié,Tunis,Non précisé,apify,2026-09-22,2026-09,Oui,2026-09-22
632,Apprenticeship Program 2026: STM32CubeProgrammer Validation,,Non classifié,Tunis,Non précisé,apify,2026-09-22,2026-09,Oui,2026-09-22
633,QA Automation Engineer / ISTQB Certified Tester,,Non classifié,Tunis,Non précisé,apify,2026-09-22,2026-09,Oui,2026-09-22
634,RPA Developer Apprentice,,Non classifié,Tunis,Non précisé,apify,2026-09-22,2026-09,Oui,2026-09-22
635,Apprenticeship Program 2026 : Embedded Software Intern,,Non classifié,Tunis,Non précisé,apify,2026-09-22,2026-09,Oui,2026-09-22
636,Fullstack Software Developer,,Non classifié,Tunis,Non précisé,apify,2026-09-22,2026-09,Oui,2026-09-22
637,Analyste Développeur,,Non classifié,Tunis,Non précisé,apify,2026-09-22,2026-09,Oui,2026-09-22
638,AI Engineer,,Non classifié,Tunis,Non précisé,apify,2026-09-22,2026-09,Oui,2026-09-22
644,Consultant(e) Technique Dynamics CRM,,Non classifié,Tunis,Non précisé,apify,2026-09-22,2026-09,Oui,2026-09-22
645,Ingénieur Data,,Non classifié,Tunis,Non précisé,apify,2026-09-22,2026-09,Oui,2026-09-22
646,ABAP / Fiori / SAPUI5 Developer,,Non classifié,Tunis,Non précisé,apify,2026-09-22,2026-09,Oui,2026-09-22
647,Chargé d’études Mobilité / Data Science Tunis,,Non classifié,Tunis,Non précisé,apify,2026-09-22,2026-09,Oui,2026-09-22
648,Stagiaire PFE Développeur Web WordPress / Elementor - Télétravail,,Non classifié,Tunis,Non précisé,apify,2026-09-22,2026-09,Oui,2026-09-22
649,Développeur SAS,,Non classifié,Tunis,Non précisé,apify,2026-09-22,2026-09,Oui,2026-09-22
650,.NET Software Developer,,Non classifié,Tunis,Non précisé,apify,2026-09-22,2026-09,Oui,2026-09-22
651,BackEnd AI Developer,,Non classifié,Tunis,Non précisé,apify,2026-09-22,2026-09,Oui,2026-09-22
659,SAP MM Consultant,,Non classifié,Tunis,Non précisé,apify,2026-09-22,2026-09,Oui,2026-09-22
652,Expert Technique JS,,Non classifié,Sousse,Non précisé,apify,2026-09-22,2026-09,Oui,2026-09-22
653,Development Engineer,,Non classifié,Tunis,Non précisé,apify,2026-09-22,2026-09,Oui,2026-09-22
654,Ingénieur Support Applicatif / Technique,,Non classifié,Tunis,Non précisé,apify,2026-09-22,2026-09,Oui,2026-09-22
655,Observability Platform Engineer (Kubernetes / OpenShift),,Non classifié,Tunis,Non précisé,apify,2026-09-22,2026-09,Oui,2026-09-22
656,Corporate SAP S/4HANA Specialist (EWM/SD/EDI),,Non classifié,Tunis,Non précisé,apify,2026-09-22,2026-09,Oui,2026-09-22
657,Ingénieur d’études et de développements expérimenté HR Access,,Non classifié,Tunis,Non précisé,apify,2026-09-22,2026-09,Oui,2026-09-22
658,Migration Consultant,,Non classifié,Tunis,Non précisé,apify,2026-09-22,2026-09,Oui,2026-09-22
660,AUTOSAR Audio Stack Engineer,,Non classifié,Tunis,Non précisé,apify,2026-09-22,2026-09,Oui,2026-09-22
661,Senior Frontend Developer,,Non classifié,Tunis,Non précisé,apify,2026-09-22,2026-09,Oui,2026-09-22
662,Ingénieur QA Automatisation,,Non classifié,Tunis,Non précisé,apify,2026-09-22,2026-09,Oui,2026-09-22
663,Windows infrastructure Automation & Infrastructure as Code (IaC) Engineer,,Non classifié,Tunis,Non précisé,apify,2026-09-22,2026-09,Oui,2026-09-22
664,Power BI Consultant,,Non classifié,Tunis,Non précisé,apify,2026-09-22,2026-09,Oui,2026-09-22
665,Un ingénieur Cloud AWS,,Non classifié,Sousse,Non précisé,apify,2026-09-22,2026-09,Oui,2026-09-22
666,Senior Full Stack Developer (Angular/Java),,Non classifié,Tunis,Non précisé,apify,2026-09-22,2026-09,Oui,2026-09-22
667,Consultant.e SAP PM,,Non classifié,Tunis,Non précisé,apify,2026-09-22,2026-09,Oui,2026-09-22
681,Precertification Junior Assessor,,Non classifié,Tunis,Non précisé,apify,2026-09-22,2026-09,Oui,2026-09-22
682,Business Operations Manager / Associate,,Non classifié,Tunis,Non précisé,apify,2026-09-22,2026-09,Oui,2026-09-22
683,Ingénieur Solutions Junior - TBML,,Non classifié,Tunis,Non précisé,apify,2026-09-22,2026-09,Oui,2026-09-22
668,Application Engineer,,Non classifié,Tunis,Non précisé,apify,2026-09-22,2026-09,Oui,2026-09-22
669,Product Tooling & Documentation Intern (6‑month project),,Non classifié,Tunis,Non précisé,apify,2026-09-22,2026-09,Oui,2026-09-22
670,QA Engineer,,Non classifié,Tunis,Non précisé,apify,2026-09-22,2026-09,Oui,2026-09-22
671,Junior IT Support & KPI Coordinator,,Non classifié,Tunis,Non précisé,apify,2026-09-22,2026-09,Oui,2026-09-22
672,INGENIEUR.E DEVELOPPEMENT MECANIQUE,,Non classifié,Tunis,Non précisé,apify,2026-09-22,2026-09,Oui,2026-09-22
673,C++ software Engineer,,Non classifié,{},Non précisé,apify,2026-09-22,2026-09,Oui,2026-09-22
674,Software Engineer,,Non classifié,{},Non précisé,apify,2026-09-22,2026-09,Oui,2026-09-22
675,Software Developer / Software Engineer,,Non classifié,{},Non précisé,apify,2026-09-22,2026-09,Oui,2026-09-22
676,Software Developer / Software Engineer Intern,,Non classifié,{},Non précisé,apify,2026-09-22,2026-09,Oui,2026-09-22
677,Senior Platform Engineer (Backend Lead),,Non classifié,{},Non précisé,apify,2026-09-22,2026-09,Oui,2026-09-22
678,Senior Backend Developer - Node.js & Camunda,,Non classifié,{},Non précisé,apify,2026-09-22,2026-09,Oui,2026-09-22
679,Junior Sales Responsible,,Non classifié,Tunis,Non précisé,apify,2026-09-22,2026-09,Oui,2026-09-22
680,Technical Project Manager - Data Center (Remote),,Non classifié,Tunis,Non précisé,apify,2026-09-22,2026-09,Oui,2026-09-22
684,Software Pre-Sales Engineer ( Gulf Market ),,Non classifié,Tunis,Non précisé,apify,2026-09-22,2026-09,Oui,2026-09-22
685,Security Engineer I Tunisia relocate to UAE,,Non classifié,Tunis,Non précisé,apify,2026-09-22,2026-09,Oui,2026-09-22
686,Senior Backend Developer (PHP),,Non classifié,Tunis,Non précisé,apify,2026-09-22,2026-09,Oui,2026-09-22
687,Maximo Developer -Contract or Perm,,Non classifié,Tunis,Non précisé,apify,2026-09-22,2026-09,Oui,2026-09-22
688,Fullstack-Developer (100% Remote),,Non classifié,Tunis,Non précisé,apify,2026-09-22,2026-09,Oui,2026-09-22
689,Chargé de contenu - Afrique Francophone,,Non classifié,Tunis,Non précisé,apify,2026-09-22,2026-09,Oui,2026-09-22
690,HW Developer,,Non classifié,Tunis,Non précisé,apify,2026-09-22,2026-09,Oui,2026-09-22
691,CMS Developer,,Non classifié,Tunis,Non précisé,apify,2026-09-22,2026-09,Oui,2026-09-22
692,Associate Project Manager/Project Manager,,Non classifié,Tunis,Non précisé,apify,2026-09-22,2026-09,Oui,2026-09-22
693,Technical Recruiter,,Non classifié,Tunis,Non précisé,apify,2026-09-22,2026-09,Oui,2026-09-22
694,Video Annotator,,Non classifié,Tunis,Non précisé,apify,2026-09-22,2026-09,Oui,2026-09-22
695,Shift Leader (m/w/d),,Non classifié,Tunis,Non précisé,apify,2026-09-22,2026-09,Oui,2026-09-22
696,Firmware Engineer,,Non classifié,Tunis,Non précisé,apify,2026-09-22,2026-09,Oui,2026-09-22
697,AI-native Product Manager (Remote),,Non classifié,Tunis,Non précisé,apify,2026-09-22,2026-09,Oui,2026-09-22
698,Online English Tutor,,Non classifié,Tunis,Non précisé,apify,2026-09-22,2026-09,Oui,2026-09-22
699,Finance & Accounting Assistant,,Non classifié,Tunis,Non précisé,apify,2026-09-22,2026-09,Oui,2026-09-22
700,"Dev Fullstack Expérimenté Java, EXT.JS, Oracle, shell",,Non classifié,Tunis,Non précisé,apify,2026-09-22,2026-09,Oui,2026-09-22
701,Freelance Presentation Designer,,Non classifié,Tunis,Non précisé,apify,2026-09-22,2026-09,Oui,2026-09-22
702,QA Engineer - AI Native,,Non classifié,Tunis,Non précisé,apify,2026-09-22,2026-09,Oui,2026-09-22
807,Buyer,BORG Automotive Group,Non classifié,Tunis,Non précisé,LinkedIn,2026-09-22,2026-09,Non,2026-09-19
703,ANALYSTE DE TEST ET VALIDATION,,Non classifié,Tunis,Non précisé,apify,2026-09-22,2026-09,Oui,2026-09-22
704,EWM Key User,Marquardt Tunisia,Non classifié,Tunis,Non précisé,LinkedIn,2026-09-22,2026-09,Non,2026-09-17
705,Senior Project Associate (MECC),OIM - ONU Migration,Non classifié,Tunis,Non précisé,LinkedIn,2026-09-22,2026-09,Non,2026-09-18
706,Responsable planification,Sagemcom,Non classifié,Tunis,Non précisé,LinkedIn,2026-09-22,2026-09,Non,2026-08-31
707,Performance Marketer,Special 2wo,Non classifié,Tunis,Non précisé,LinkedIn,2026-09-22,2026-09,Non,2026-09-22
708,Internal Material Flow Manager,WeWire Tunisia,Non classifié,Tunis,Non précisé,LinkedIn,2026-09-22,2026-09,Non,2026-09-02
709,Consultant Sage 100 (Commercial & Comptabilité),T.A.S Technology Assistance Service,Non classifié,Tunis,Non précisé,LinkedIn,2026-09-22,2026-09,Non,2026-09-22
710,Administrateur Fonctionnel Data & Systèmes – Finance,PwC Tunisia,Non classifié,Tunis,Non précisé,LinkedIn,2026-09-22,2026-09,Non,2026-09-02
711,Actuaire Senior,PwC Tunisia,Non classifié,Tunis,Non précisé,LinkedIn,2026-09-22,2026-09,Non,2026-09-05
712,Contrôleur de gestion/Contrôleuse de gestion,PwC Tunisia,Non classifié,Tunis,Non précisé,LinkedIn,2026-09-22,2026-09,Non,2026-09-22
713,Expert Financial Controller,LEONI TUNISIA,Non classifié,Tunis,Non précisé,LinkedIn,2026-09-22,2026-09,Non,2026-08-26
714,Business Process Expert BPM Business Support,Sartorius,Non classifié,Tunis,Non précisé,LinkedIn,2026-09-22,2026-09,Non,2026-09-03
715,DEVELOPPEUR TIBCO,RED TIC,Non classifié,Tunis,Non précisé,LinkedIn,2026-09-22,2026-09,Non,2026-09-17
716,Independence & Compliance Analyst,PwC Tunisia,Non classifié,Tunis,Non précisé,LinkedIn,2026-09-22,2026-09,Non,2026-09-02
717,Digital Transformation Expert,NTU International A/S,Non classifié,Tunis,Non précisé,LinkedIn,2026-09-22,2026-09,Non,2026-09-22
718,Manager EPM,PwC Tunisia,Non classifié,Tunis,Non précisé,LinkedIn,2026-09-22,2026-09,Non,2026-09-02
719,CHEF DE PROJET MOA (IT),RED TIC,Non classifié,Tunis,Non précisé,LinkedIn,2026-09-22,2026-09,Non,2026-08-29
720,TeamCenter IT Support / Administrator,Faurecia,Non classifié,Tunis,Non précisé,LinkedIn,2026-09-22,2026-09,Non,2026-09-09
721,Chef de projet télécommunication,Amaris Consulting,Non classifié,Tunis,Non précisé,LinkedIn,2026-09-22,2026-09,Non,2026-09-10
722,EXPERT SOC ET CERT – N3 (IT),RED TIC,Non classifié,Tunis,Non précisé,LinkedIn,2026-09-22,2026-09,Non,2026-09-17
723,Conseiller support logiciel comptabilité,SEPTEO,Non classifié,Tunis,Non précisé,LinkedIn,2026-09-22,2026-09,Non,2026-08-27
724,"Administrative, Logistics & Project Support Expert",NTU International A/S,Non classifié,Tunis,Non précisé,LinkedIn,2026-09-22,2026-09,Non,2026-09-22
725,Business Analyst,Linedata,Non classifié,Tunis,Non précisé,LinkedIn,2026-09-22,2026-09,Non,2026-09-22
726,Ingénieur de Production UAP,Bontaz Tunisie,Non classifié,Tunis,Non précisé,LinkedIn,2026-09-22,2026-09,Non,2026-08-27
727,Process/Manuf Automation Eng,Valeo,Non classifié,Tunis,Non précisé,LinkedIn,2026-09-22,2026-09,Non,2026-09-17
728,Analyst II Six Sigma,Visteon Corporation,Non classifié,Tunis,Non précisé,LinkedIn,2026-09-22,2026-09,Non,2026-09-04
729,Manufacturing Engineer,Marquardt Tunisia,Non classifié,Tunis,Non précisé,LinkedIn,2026-09-22,2026-09,Non,2026-09-09
730,Regulatory Affairs IVDR - Contractor (North Africa),IQVIA,Non classifié,Tunis,Non précisé,LinkedIn,2026-09-22,2026-09,Non,2026-08-27
731,Consultant SAP SuccessFactors,Inetum,Non classifié,Tunis,Non précisé,LinkedIn,2026-09-22,2026-09,Non,2026-09-07
732,"Ingénieur d'Affaires / Business Developer Solutions Corporate Trade Finance, Risk & ComplianceIngénieur informatique",SOFTCORP,Non classifié,Tunis,Non précisé,LinkedIn,2026-09-22,2026-09,Non,2026-09-15
733,Sr. eCommerce Merchandising Specialist,Cimpress,Non classifié,Tunis,Non précisé,LinkedIn,2026-09-22,2026-09,Non,2026-09-04
734,Process engineer,Enovis,Non classifié,Tunis,Non précisé,LinkedIn,2026-09-22,2026-09,Non,2026-09-03
735,Auditeur financier expérimenté,EY,Non classifié,Tunis,Non précisé,LinkedIn,2026-09-22,2026-09,Non,2026-09-21
736,Chargé Administratif & Paie,EY,Non classifié,Tunis,Non précisé,LinkedIn,2026-09-22,2026-09,Non,2026-09-22
737,Directeur Administratif et Financier (DAF) Expérimenté – Spécialiste Gestion Financièreeur Administratif et Financier (DAF) Expérimenté – Spécialiste Gestion Financière,TunisieJob,Non classifié,Tunis,Non précisé,LinkedIn,2026-09-22,2026-09,Non,2026-08-27
738,Gestionnaire back-office titres Assurance vie,ODDO BHF,Non classifié,Tunis,Non précisé,LinkedIn,2026-09-22,2026-09,Non,2026-08-31
739,Junior Corporate Tax Compliance,Forvis Mazars en Tunisie,Non classifié,Tunis,Non précisé,LinkedIn,2026-09-22,2026-09,Non,2026-09-16
740,Responsable IARD et Expert Assurance,PwC Tunisia,Non classifié,Tunis,Non précisé,LinkedIn,2026-09-22,2026-09,Non,2026-09-03
741,Chargé de Sécurité,TunisieJob,Non classifié,Tunis,Non précisé,LinkedIn,2026-09-22,2026-09,Non,2026-09-17
742,Junior VAT Officer - Nearshore - Sep 2026,Forvis Mazars en Tunisie,Non classifié,Tunis,Non précisé,LinkedIn,2026-09-22,2026-09,Non,2026-09-07
743,Regional Building Security Coordinator,PwC Tunisia,Non classifié,Tunis,Non précisé,LinkedIn,2026-09-22,2026-09,Non,2026-09-02
744,"Manager, Environmental Health & Safety",Pursuit Aerospace,Non classifié,Tunis,Non précisé,LinkedIn,2026-09-22,2026-09,Non,2026-09-11
745,"Financial Officer , Private Assets",ODDO BHF,Non classifié,Tunis,Non précisé,LinkedIn,2026-09-22,2026-09,Non,2026-09-12
746,Account Manager (Chargé Partenaires),Yassir,Non classifié,Tunis,Non précisé,LinkedIn,2026-09-22,2026-09,Non,2026-09-17
747,Account Manager | Supporto Clienti Post Vendita | Settore Fotovoltaico | Italiano Fluente Obbligatorio (C1/C2),Enpal,Non classifié,Tunis,Non précisé,LinkedIn,2026-09-22,2026-09,Non,2026-09-03
748,Macroeconomic Reform Expert,NTU International A/S,Non classifié,Tunis,Non précisé,LinkedIn,2026-09-22,2026-09,Non,2026-09-22
749,Coordinateur Réseau Médical,Groupe Henner,Non classifié,Tunis,Non précisé,LinkedIn,2026-09-22,2026-09,Non,2026-09-04
750,Consultant Senior en comptabilité (non banking activities),EY,Non classifié,Tunis,Non précisé,LinkedIn,2026-09-22,2026-09,Non,2026-09-07
751,Consultant Junior en Comptabilité,EY,Non classifié,Tunis,Non précisé,LinkedIn,2026-09-22,2026-09,Non,2026-09-16
752,Assistante Administratif,TunisieJob,Non classifié,Tunis,Non précisé,LinkedIn,2026-09-22,2026-09,Non,2026-09-17
753,BIM MANAGER,SYSTRA,Non classifié,Tunis,Non précisé,LinkedIn,2026-09-22,2026-09,Non,2026-09-11
754,Strategy Consultant,Devoteam,Non classifié,Tunis,Non précisé,LinkedIn,2026-09-22,2026-09,Non,2026-09-11
755,Spécialiste marketing et contenu,OnTarget Group,Non classifié,Tunis,Non précisé,LinkedIn,2026-09-22,2026-09,Non,2026-09-18
756,Délégué,mc PHaRMa,Non classifié,Tunis,Non précisé,LinkedIn,2026-09-22,2026-09,Non,2026-09-21
757,Early Career Talent,AbbVie,Non classifié,Tunis,Non précisé,LinkedIn,2026-09-22,2026-09,Non,2026-09-06
758,Strategy and Management Consultant,Pearls Consulting Tunisia,Non classifié,Tunis,Non précisé,LinkedIn,2026-09-22,2026-09,Non,2026-09-17
759,DIRECTEUR COMMERCIAL MARCHÉ LOCAL,TunisieJob,Non classifié,Tunis,Non précisé,LinkedIn,2026-09-22,2026-09,Non,2026-09-17
760,Directeur Commercial,TunisieJob,Non classifié,Tunis,Non précisé,LinkedIn,2026-09-22,2026-09,Non,2026-09-17
761,Responsable Développement Commercial,TunisieJob,Non classifié,Tunis,Non précisé,LinkedIn,2026-09-22,2026-09,Non,2026-09-17
762,Unisciti a Enpal: trasferisciti a Tunisi e fai crescere la tua carriera!,Enpal,Non classifié,Tunis,Non précisé,LinkedIn,2026-09-22,2026-09,Non,2026-09-03
763,Responsable SAV Automobile (Tunis),TunisieJob,Non classifié,Tunis,Non précisé,LinkedIn,2026-09-22,2026-09,Non,2026-09-17
764,Chargé Relation Client / Gestion Commerciale,TunisieJob,Non classifié,Tunis,Non précisé,LinkedIn,2026-09-22,2026-09,Non,2026-09-17
765,Des Téléconseillers BtoB,TunisieJob,Non classifié,Tunis,Non précisé,LinkedIn,2026-09-22,2026-09,Non,2026-09-17
766,CHARGÉ(E) DE VENTE EN LIGNE | PRODUITS PHARMACEUTIQUES,TunisieJob,Non classifié,Tunis,Non précisé,LinkedIn,2026-09-22,2026-09,Non,2026-09-17
767,Team Leader Dipartimento Vendite,Enpal,Non classifié,Tunis,Non précisé,LinkedIn,2026-09-22,2026-09,Non,2026-09-04
768,agent commercial en immobilier,TunisieJob,Non classifié,Tunis,Non précisé,LinkedIn,2026-09-22,2026-09,Non,2026-09-17
769,Agente technico-commerciale,TunisieJob,Non classifié,Tunis,Non précisé,LinkedIn,2026-09-22,2026-09,Non,2026-09-10
770,Assistant(e) Commercial(e) Import & Export,TunisieJob,Non classifié,Tunis,Non précisé,LinkedIn,2026-09-22,2026-09,Non,2026-09-17
771,Conseiller commercial orange sousse khezema,TunisieJob,Non classifié,Tunis,Non précisé,LinkedIn,2026-09-22,2026-09,Non,2026-09-17
772,Junior Marketing Assistant – Part-time,TunisieJob,Non classifié,Tunis,Non précisé,LinkedIn,2026-09-22,2026-09,Non,2026-09-17
773,community manager & assistant(e) E-commerce,TunisieJob,Non classifié,Tunis,Non précisé,LinkedIn,2026-09-22,2026-09,Non,2026-09-17
774,Freelance Acquisition & Growth — France / Belgique - Media buyer Meta + Google Ads,TunisieJob,Non classifié,Tunis,Non précisé,LinkedIn,2026-09-22,2026-09,Non,2026-09-17
775,Video Editor,Special 2wo,Non classifié,Tunis,Non précisé,LinkedIn,2026-09-22,2026-09,Non,2026-09-15
776,Merchandiser Pharmacies & Parapharmacies,TunisieJob,Non classifié,Tunis,Non précisé,LinkedIn,2026-09-22,2026-09,Non,2026-09-17
777,RESPONSABLE DIGITAL (Temps plein),TunisieJob,Non classifié,Tunis,Non précisé,LinkedIn,2026-09-22,2026-09,Non,2026-09-17
778,un(e) Responsable Marketing & Communication Groupe,TunisieJob,Non classifié,Tunis,Non précisé,LinkedIn,2026-09-22,2026-09,Non,2026-09-17
779,Chargée Commerciale et Marketing,TunisieJob,Non classifié,Tunis,Non précisé,LinkedIn,2026-09-22,2026-09,Non,2026-09-17
780,Responsable Marketing,TunisieJob,Non classifié,Tunis,Non précisé,LinkedIn,2026-09-22,2026-09,Non,2026-09-17
781,PROFESSEUR DOCUMENTALISTE,TunisieJob,Non classifié,Tunis,Non précisé,LinkedIn,2026-09-22,2026-09,Non,2026-09-17
782,HSSE Inspector,Scatec ASA,Non classifié,Tunis,Non précisé,LinkedIn,2026-09-22,2026-09,Non,2026-09-22
783,Responsable d'équipe Italie,ADP,Non classifié,Tunis,Non précisé,LinkedIn,2026-09-22,2026-09,Non,2026-09-08
784,Technicien Maintenance,Valeo,Non classifié,Tunis,Non précisé,LinkedIn,2026-09-22,2026-09,Non,2026-09-06
785,Junior Customer Support Specialist,Regnology,Non classifié,Tunis,Non précisé,LinkedIn,2026-09-22,2026-09,Non,2026-09-01
786,Team Leader Communication (French & English),VEO Worldwide Services,Non classifié,Tunis,Non précisé,LinkedIn,2026-09-22,2026-09,Non,2026-09-17
787,Assistant Front Office Manager,Hilton,Non classifié,Tunis,Non précisé,LinkedIn,2026-09-22,2026-09,Non,2026-09-18
788,Food and Beverage Manager,Hilton,Non classifié,Tunis,Non précisé,LinkedIn,2026-09-22,2026-09,Non,2026-09-03
789,STAGE MULTIMEDIA | AI-GENERATED VIDEO,INODEV | Innovation Development | Education,Non classifié,Tunis,Non précisé,LinkedIn,2026-09-22,2026-09,Non,2026-09-08
790,English Speaker Lead Generation Specialist,Vneuron Risk & Compliance,Non classifié,Tunis,Non précisé,LinkedIn,2026-09-22,2026-09,Non,2026-08-24
791,Esperto/a in finanza e sviluppo economico rurale,Fondazione MICRA,Non classifié,Tunis,Non précisé,LinkedIn,2026-09-22,2026-09,Non,2026-09-22
792,Program Manager,AsteelFlash Tunisie,Non classifié,Tunis,Non précisé,LinkedIn,2026-09-22,2026-09,Non,2026-08-26
793,Plateau Manager,VEO Worldwide Services,Non classifié,Tunis,Non précisé,LinkedIn,2026-09-22,2026-09,Non,2026-09-17
794,Technicien Process Engineering,WeWire Tunisia,Non classifié,Tunis,Non précisé,LinkedIn,2026-09-22,2026-09,Non,2026-09-16
795,Ingénieur processus/Ingénieure processus,WeWire Tunisia,Non classifié,Tunis,Non précisé,LinkedIn,2026-09-22,2026-09,Non,2026-09-17
796,Ingénieur Messagerie,Sopra Steria,Non classifié,Tunis,Non précisé,LinkedIn,2026-09-22,2026-09,Non,2026-09-21
797,Quality Engineer,Aptiv,Non classifié,Tunis,Non précisé,LinkedIn,2026-09-22,2026-09,Non,2026-09-16
798,Maintenance - Trainee,Rehlko,Non classifié,Tunis,Non précisé,LinkedIn,2026-09-22,2026-09,Non,2026-09-04
799,Assistant Housekeeping Manager,Four Seasons,Non classifié,Tunis,Non précisé,LinkedIn,2026-09-22,2026-09,Non,2026-09-09
800,All Day Dining Manager,Four Seasons,Non classifié,Tunis,Non précisé,LinkedIn,2026-09-22,2026-09,Non,2026-09-04
801,Responsable d’études énergie,SYSTRA,Non classifié,Tunis,Non précisé,LinkedIn,2026-09-22,2026-09,Non,2026-09-11
802,HKEYA recrute — Marketing Digital & Creative Content,hkeya,Non classifié,Tunis,Non précisé,LinkedIn,2026-09-22,2026-09,Non,2026-09-21
803,IT Talent Sourcer & Placer (Fully remote from Tunisia),Dynamix,Non classifié,Non précisé,Non précisé,LinkedIn,2026-09-22,2026-09,Non,2026-09-17
804,Consultant SMSI_PCA,Devoteam,Non classifié,Tunis,Non précisé,LinkedIn,2026-09-22,2026-09,Non,2026-09-11
805,Guest Experience Supervisor,Four Seasons,Non classifié,Tunis,Non précisé,LinkedIn,2026-09-22,2026-09,Non,2026-09-09
806,CONVERSION - RETENTION AGENTS (FR MARKETS [Tunisia],The Talent Hunter,Non classifié,Tunis,Non précisé,LinkedIn,2026-09-22,2026-09,Non,2026-09-21
808,Gestionnaire de paie française confirmé (e),Sopra HR Software,Non classifié,Tunis,Non précisé,LinkedIn,2026-09-22,2026-09,Non,2026-08-24
809,Sourcing Analyst,Enovis,Non classifié,Tunis,Non précisé,LinkedIn,2026-09-22,2026-09,Non,2026-09-22
810,Field Engineer,UL Solutions,Non classifié,Tunis,Non précisé,LinkedIn,2026-09-22,2026-09,Non,2026-09-03
811,Assistant(e) de direction (EA to CEO and COO),Sotora Global,Non classifié,Tunis,Non précisé,LinkedIn,2026-09-22,2026-09,Non,2026-09-18
812,Customs & Transit Coordinator,HUBER+SUHNER,Non classifié,Tunis,Non précisé,LinkedIn,2026-09-22,2026-09,Non,2026-09-21
813,Africa Sales Territory Manager,Hewlett Packard Enterprise,Non classifié,Tunis,Non précisé,LinkedIn,2026-09-22,2026-09,Non,2026-09-09
814,Chauffeur Livreur,TunisieJob,Non classifié,Tunis,Non précisé,LinkedIn,2026-09-22,2026-09,Non,2026-09-17
815,Master Planner,TunisieJob,Non classifié,Tunis,Non précisé,LinkedIn,2026-09-22,2026-09,Non,2026-09-17
816,Chauffeur Poids Lourd et semi-remorque,TunisieJob,Non classifié,Tunis,Non précisé,LinkedIn,2026-09-22,2026-09,Non,2026-09-17
817,Opérateur d'exploitation,TunisieJob,Non classifié,Tunis,Non précisé,LinkedIn,2026-09-22,2026-09,Non,2026-09-17
818,Inhouse Consultant – Order to Cash,Sartorius,Non classifié,Tunis,Non précisé,LinkedIn,2026-09-22,2026-09,Non,2026-09-04
